date,year,month,day,Season,team1,team2,winner,Adjusted Tempo,Adjusted Offensive Efficiency,Adjusted Defensive Efficiency,eFGPct,TOPct,ORPct,FTRate,FG2Pct,FG3Pct,FTPct,BlockPct,OppFG2Pct,OppFG3Pct,OppFTPct,OppBlockPct,ARate,StlRate,OppStlRate,Experience,Net Rating,Active Coaching Length,W,L,BPI,SOS RK,NC SOS
20241104,2024,11,4,2025,Baylor Bears,Gonzaga Bulldogs,0,-5,-4.1,2.9,-4.4,2.9,2,0.9,-6.7,-0.1,-6.1,-0.2,1.8,5.5,-3.5,3.2,-8.5,0,0,-0.3,-7,-4,-5,4,-2.3,-66,42
20241104,2024,11,4,2025,Ohio State Buckeyes,Texas Longhorns,1,0.1,1.4,-2.1,0.8,1.4,-0.9,-0.3,-0.2,1.7,0.2,-1.5,2.5,-4.7,5.6,1,-1.1,0,0,-0.7,3.5,-2,0,0,0,-42,-197
20241104,2024,11,4,2025,Missouri Tigers,Memphis Tigers,0,-2.3,11.4,2.1,2.6,-3.7,-0.5,9.3,4.8,-1.1,1.4,-4.4,1.3,0.5,3.9,1,-1.5,0,0,-0.5,9.3,-4,-4,4,1.9,10,311
20241108,2024,11,8,2025,North Carolina Tar Heels,Kansas Jayhawks,0,2.1,3.8,9.8,1.1,-1.3,-0.3,11.8,1.4,0.6,3.1,-3.6,3.4,4.4,4.4,1.9,-10.5,0,0,-1.4,-6,-18,1,0,-2.8,24,-8
20241108,2024,11,8,2025,New Mexico Lobos,UCLA Bruins,1,8.4,-2.8,1.6,-1.7,-0.1,-0.7,4.5,-1.8,-1,-1.4,4.3,-3.9,3.1,-8.9,3,-8.1,0,0,0.2,-4.4,-2,3,-3,-3.5,36,-133
20241109,2024,11,9,2025,Auburn Tigers,Houston Cougars,1,7.4,5.8,3.6,2.8,-1.7,-1.8,6.9,6.5,-2.7,0.7,0.7,2.6,-2,3.8,1.3,8.2,0,0,0.2,2.2,0,1,-1,-0.9,-7,-25
20241109,2024,11,9,2025,Baylor Bears,Arkansas Razorbacks,1,-3.8,9.3,5.8,-0.2,0.1,8.4,-2.9,-2.3,2.2,1.3,-7,1.9,4.7,-2.2,4.6,-0.2,0,0,1.2,3.5,21,0,0,4,-25,-106
20241109,2024,11,9,2025,Tennessee Volunteers,Louisville Cardinals,1,-5.2,-0.3,-9.2,-1.1,0.1,3.8,-1.9,-4.3,1.4,0,8.9,-4.1,-5.9,2.5,0.2,6.6,0,0,-0.2,8.9,9,0,0,5.3,-16,65
20241112,2024,11,12,2025,Michigan State Spartans,Kansas Jayhawks,0,-1,2.7,-1,-2.2,0.4,6.2,12.8,-0.3,-4.3,8.9,0.4,2.2,-1.7,-0.1,-0.7,1.8,0,0,-2,3.7,8,5,-6,0,21,50
20241112,2024,11,12,2025,Duke Blue Devils,Kentucky Wildcats,0,-4.7,3.6,-11.1,1.5,-1.1,6,-2.8,1.2,1.3,4.4,-1.7,-10.3,0.3,-0.6,2.1,2.5,0,0,-1.2,14.7,2,7,-7,8.7,35,-24
20241115,2024,11,15,2025,Alabama Crimson Tide,Purdue Boilermakers,0,9.6,3.2,-1.6,0,1.2,5.9,5.3,4,-3.2,-0.7,5,-8,-0.3,-1.1,3.2,-4.4,0,0,1.3,4.8,-14,2,-2,2.7,-2,-5
20241115,2024,11,15,2025,Arizona Wildcats,Wisconsin Badgers,0,2.6,-3.8,-2.3,-2.8,2.5,8.8,2.6,-1.6,-4.2,-5.2,6.1,-0.2,-0.5,-1.2,-4.4,5.4,0,0,0.1,-1.5,-6,-3,3,1.9,-18,-48
20241115,2024,11,15,2025,Marquette Golden Eagles,Maryland Terrapins,1,-2.5,-0.2,2,-2.2,-1.4,-0.2,-6.3,0.7,-3.9,-2.3,-0.5,4.1,0.5,-1.4,3.1,1.1,0,0,-0.1,-2.2,1,-1,1,-0.5,-44,-316
20241115,2024,11,15,2025,Ohio State Buckeyes,Texas A&M Aggies,0,0.7,2.2,5.6,6.1,-2.4,-12.6,-6,3.6,6.8,5.7,-4.4,3.2,-3.6,-1.6,-5.8,-0.5,0,-0.1,-0.8,-3.4,-5,-4,4,-2.4,6,16
20241115,2024,11,15,2025,TCU Horned Frogs,Michigan Wolverines,0,-2.9,-10,1.4,-8,-2.9,-1.4,-2.7,-10,-4.1,-6.8,0.4,7.2,-0.4,2,2.3,-7.2,0,0,-0.3,-11.4,8,-6,6,-4.7,6,19
20241115,2024,11,15,2025,SMU Mustangs,Butler Bulldogs,0,1.2,2,-3.1,1.8,0.4,10.4,-3,1.7,1.7,-1.3,3.1,-3.9,2.3,-0.6,-0.2,-1.2,0.1,0,-0.1,5.1,-2,9,-9,2.8,36,101
20241115,2024,11,15,2025,Ohio State Buckeyes,Memphis Tigers,0,-3.1,3.3,0.3,-0.5,-3.1,-4.9,-3.5,0,-1.3,4,-1.9,1.2,-2.9,3.8,-0.7,-3.6,0,0,-1,3,-6,-8,8,1.4,-52,36
20241115,2024,11,15,2025,West Virginia Mountaineers,Pittsburgh Panthers,0,-1.9,-7,-8.5,-2.6,1.1,-3.5,-8.6,-1.8,-2.3,-5.5,-1.2,-2.6,-6.3,1.9,1.2,5.6,0,0,-0.6,1.5,-6,2,-2,0.5,-33,24
20241116,2024,11,16,2025,Colorado State Rams,Ole Miss Rebels,0,-2.1,-2.7,5,3,4.8,2.2,-6.1,4.9,0.4,5,-5.3,-3.7,2.8,-3.5,-3.1,8.3,-0.1,0,-1.1,-7.7,5,0,0,-4.1,58,-23
20241117,2024,11,17,2025,New Mexico Lobos,St. John's Red Storm,0,3.2,-0.2,7.4,1.7,0.2,-6,6.7,-0.3,4.1,0.3,-1.6,2.6,2.4,-2.4,1.2,-2.3,0,0,0.1,-7.6,2,-2,2,-5.3,33,-17
20241117,2024,11,17,2025,Nebraska Cornhuskers,Saint Mary's Gaels,0,5.4,-4,4,0.3,1.9,-13.6,4.8,1.9,-1.4,4.9,-1.1,4.1,1.7,-4.3,1.8,-5.1,0,0,1.1,-8,-18,-10,9,-3.5,-60,139
20241117,2024,11,17,2025,Clemson Tigers,Boise State Broncos,0,-1.8,4.3,-3.9,1.6,-1.7,0.1,-11,-3.7,6.3,-0.6,3.6,0.2,-0.4,0,-2.6,-3.1,0,0,0.9,8.2,0,3,-3,5.4,-36,-83
20241117,2024,11,17,2025,Utah State Aggies,Mississippi State Bulldogs,0,0.3,1.9,7.6,4.2,0.4,-1,6.4,1.9,4.8,0.6,-4.8,3.9,-2.1,3.2,1.3,8.3,0,0,-0.1,-5.7,-2,4,-4,-2,72,69
20241118,2024,11,18,2025,Gonzaga Bulldogs,San Diego State Aztecs,1,4.3,14.6,4.1,5.9,-3.4,2.6,-1.1,6.9,2.4,12.6,-9.9,4.6,0.3,3,0,12.3,0,0,1.5,10.5,18,3,0,7.6,5,-8
20241119,2024,11,19,2025,Purdue Boilermakers,Marquette Golden Eagles,0,-2.2,5.8,3.8,4.3,2.6,-0.7,9.9,1.2,5.4,-0.3,-5.9,4.5,-1.1,0.3,0.2,7.8,0,0,-0.3,2,16,-1,1,0.2,-18,-10
20241120,2024,11,20,2025,Illinois Fighting Illini,Alabama Crimson Tide,0,-3.4,-5.4,-0.2,-4.4,-1.4,-0.1,-7,-2.7,-4.3,3.6,-1.2,-2.7,2.2,0.3,-3.7,-3.5,0,0,-1.9,-5.2,2,-4,4,-3.4,15,65
20241121,2024,11,21,2025,Baylor Bears,St. John's Red Storm,1,-4.7,7.2,11.6,2.5,0.7,-2.5,0.4,0.1,5.1,5.5,-7.8,5.8,3.3,1.2,2.9,-0.4,0,0,0.4,-4.4,20,-8,8,-0.5,-34,-16
20241122,2024,11,22,2025,Tennessee Volunteers,Baylor Bears,1,-1.5,-2.5,-13.6,0.4,-0.1,0.7,1.2,1.5,-0.7,0.3,8.7,-5.3,-8,3.4,-1.8,6.3,0,0,0.2,11.1,-12,6,-6,3.5,5,37
20241122,2024,11,22,2025,Duke Blue Devils,Arizona Wildcats,1,-4.2,8.7,-5.2,5.5,-2.7,-1.3,-3.9,2.4,7.4,0.1,-1.9,-4.1,-1.8,0.4,3.6,0.3,0,0,-0.8,13.9,-1,7,-7,7.3,39,-12
20241122,2024,11,22,2025,Nebraska Cornhuskers,Creighton Bluejays,1,-0.5,-2.9,-0.4,-3.8,-1.6,0.3,6.9,-7,-1,1,-1.8,4,2.1,-1.4,-1.8,-10.7,0.1,0,0.1,-2.5,-9,-4,4,-4.2,16,148
20241122,2024,11,22,2025,Mississippi State Bulldogs,SMU Mustangs,1,-1.2,0.4,-3.4,-3.1,-1.7,-3.1,-4.7,2,-7.1,-3.4,4.5,2.8,3,-5.1,-1.8,-2,0,0,-0.5,3.8,2,-2,2,1.8,-60,-110
20241123,2024,11,23,2025,Georgia Bulldogs,Marquette Golden Eagles,0,-0.8,-2.8,0.9,0.2,5.7,5.3,13.5,-0.8,0.3,-1.2,3.3,-3.4,-1.7,1.9,0.9,-2.1,0,0,-0.2,-3.7,-1,-3,3,-3.5,32,193
20241124,2024,11,24,2025,Wisconsin Badgers,Pittsburgh Panthers,1,1.4,6.8,-5.8,2.4,-0.3,-0.9,-0.7,3.9,0.6,5.1,-7.1,-2.5,-2.9,-0.4,2.8,2.9,0,0,-0.1,12.6,3,7,-7,5.5,-18,42
20241124,2024,11,24,2025,St. John's Red Storm,Georgia Bulldogs,0,3.3,-1.6,-7.4,-3,-3.3,1.5,-8.1,-2.6,-3.1,-3,1.4,-3.2,2.7,-5.4,-1.4,4.6,0,0,0.5,5.8,-1,7,-7,3.6,-2,-144
20241124,2024,11,24,2025,Villanova Wildcats,Maryland Terrapins,0,-6.9,1.2,10.9,0.9,0.8,-0.8,-5,-2.5,3.4,6.4,-3.9,2.4,3.2,-4.1,2.7,-0.6,0,0,0.7,-9.7,0,-5,6,-4.5,-6,-179
20241125,2024,11,25,2025,Memphis Tigers,UConn Huskies,1,6.3,-7.6,-5.8,-1.5,1.9,-1.1,6.8,-5.6,3.4,-7.1,-6.1,3.1,-3.9,-1.7,0.5,-13.5,0,0,1.4,-1.8,0,4,-4,-4.1,30,-63
20241125,2024,11,25,2025,Auburn Tigers,Iowa State Cyclones,1,-0.3,11.2,0,1.8,-3.9,2,-5.7,1.5,1.7,-0.3,7,-1,-3.8,-1.3,-1.3,0.3,0,0,0,11.2,7,5,-5,4.6,-30,-100
20241126,2024,11,26,2025,Kansas Jayhawks,Duke Blue Devils,1,2.7,-13.5,2.4,-4.5,2.3,-5.3,-8.4,-3.3,-4.6,-7.7,3.3,2.7,-0.7,0.2,-1.6,1.2,0,0,1.7,-15.9,19,-8,8,-8.1,-41,-1
20241126,2024,11,26,2025,Auburn Tigers,North Carolina Tar Heels,1,-2.3,11.5,-8.9,1.8,-2.1,5.4,-1.7,0.8,2.5,1.2,7.1,-3,-4.9,-3,-2.6,4.5,0,0,0.5,20.4,7,7,-8,8.6,-27,6
20241126,2024,11,26,2025,Alabama Crimson Tide,Houston Cougars,1,13.8,2.4,8.4,3.4,2.5,-0.8,14,10.2,-4.7,-2,-5.8,4.6,-1.2,1.9,6,8.2,0,0,0.4,-6,-5,-3,3,-4.8,-8,-35
20241126,2024,11,26,2025,Texas A&M Aggies,Oregon Ducks,0,-1.3,-1.9,-5.2,-4.8,2.3,10.8,8,-3.9,-4.1,-6.9,4.2,-4.3,1.6,3.1,5.5,-6,0,0,0.3,3.3,-9,-1,1,2.5,-7,-20
20241126,2024,11,26,2025,Creighton Bluejays,San Diego State Aztecs,0,1.9,5.5,4.2,4.8,1.3,-4.4,-2.9,9.1,0.6,6.1,-7.1,1.4,1.6,2.1,2.8,14,-0.1,0,1.1,1.3,7,1,1,4.3,-58,5
20241126,2024,11,26,2025,Clemson Tigers,Penn State Nittany Lions,1,-5.9,6.3,-5.8,0.8,-2,4.4,-10,-3.1,4.9,1.2,-0.5,-2.5,-2.6,-3.1,-0.8,-3.4,0,0,0.5,12.1,13,10,-10,7.5,-17,-298
20241126,2024,11,26,2025,Memphis Tigers,Michigan State Spartans,1,2.8,-3.3,7.1,3.3,2.1,-2.4,1.8,-1.8,9,-8.2,-1.7,0.6,4.3,-0.1,1.8,-11.1,0,0,1.5,-10.4,-23,1,0,-5.3,38,-64
20241127,2024,11,27,2025,Gonzaga Bulldogs,West Virginia Mountaineers,0,6,15,3.3,6.4,-2.1,8,5.2,7.3,2.7,7.6,-3.3,1.5,1.1,-1.3,-0.9,5.5,0,0,0.8,11.7,25,5,-4,7,73,-49
20241127,2024,11,27,2025,Memphis Tigers,Auburn Tigers,0,2,-15.9,5.2,-1.8,5.9,-1.3,4.5,-4.2,1.7,-3.5,-4.8,2.5,3.1,-1.5,1.8,-3.2,0,0,0.4,-21.1,-4,-2,2,-11.1,62,-12
20241127,2024,11,27,2025,Michigan State Spartans,North Carolina Tar Heels,1,-3.1,-1.1,-10.8,-3.3,1.7,6.4,1,-1.6,-4.9,5.8,4,-1.1,-6.1,-4.4,-2.6,12.4,0,0,-0.6,9.7,26,4,-6,2.8,-3,58
20241127,2024,11,27,2025,Louisville Cardinals,Indiana Hoosiers,1,0.7,3.5,-2.4,1.4,-0.6,0.9,1,3.4,0.7,3.5,-0.8,-0.8,1,-1.3,1.5,-4.6,0,0,0.9,5.9,-3,6,-6,3.3,20,-47
20241127,2024,11,27,2025,Creighton Bluejays,Texas A&M Aggies,0,1.2,0.2,5,7.8,0,-15.3,-12,11.8,2.9,4.4,-3.3,-0.9,-1.4,-4.7,-3.6,15.3,-0.1,0,-0.3,-4.8,9,0,0,-0.9,14,1
20241127,2024,11,27,2025,Xavier Musketeers,Michigan Wolverines,0,-0.6,-2.2,2.3,-2,-3.6,-8.4,1.6,-7.9,4.4,7.1,-2.6,3.8,0.7,0.5,5,7,0,0,1.3,-4.5,2,-2,2,-0.9,42,87
20241127,2024,11,27,2025,San Diego State Aztecs,Oregon Ducks,0,-2,-7.2,-4.4,-1.8,1,-0.2,-1.1,-1.3,-1.8,-8.7,8,-6.7,-1.4,-3.6,-0.8,-4.7,0,0,-1.2,-2.8,-7,-2,0,-2.7,65,-24
20241128,2024,11,28,2025,Gonzaga Bulldogs,Indiana Hoosiers,1,2,9.8,-0.9,4.3,-3.3,2,-3,4.3,2.9,9.2,-0.4,-1.4,-2.4,1.3,0.3,4.3,0,0,0.7,10.7,22,5,-4,7.4,65,-61
20241128,2024,11,28,2025,Illinois Fighting Illini,Arkansas Razorbacks,1,2.4,10.1,2.7,-0.2,-0.5,9.2,-0.6,3.6,-2.3,2.7,-6,-3.5,1.2,-0.5,1.9,-2.4,0,0,-0.5,7.4,7,1,-1,3.9,-26,-89
20241128,2024,11,28,2025,BYU Cougars,Ole Miss Rebels,0,-1,5.4,5.2,5.9,4.3,8.1,-7.2,7.8,2.5,-4.8,-4.1,-1.3,2.3,-1.1,-4,3.9,0,0,-1.5,0.2,-1,1,-1,1.8,26,193
20241128,2024,11,28,2025,Arizona Wildcats,Oklahoma Sooners,0,1.6,1.8,-6.8,-2.6,-1.2,9.5,-3.1,0.4,-5.4,-1.1,4.7,-7.7,2.3,-2.1,-4.5,6.7,0,0,0.4,8.6,0,2,-2,7,-45,-167
20241128,2024,11,28,2025,West Virginia Mountaineers,Louisville Cardinals,0,-4.7,-8.7,-1.8,-3.6,-0.5,-6.9,-9.3,-6.4,-0.5,-1.9,3.8,-2.1,-4.5,3.9,-0.3,3.4,0,0,-1,-6.9,0,-6,6,-2.9,-28,35
20241128,2024,11,28,2025,Northwestern Wildcats,Butler Bulldogs,0,-3,-1.7,-6.8,-3.2,-2.4,4.4,-8.7,-2.4,-2.8,-1.3,3.3,-0.6,3,-1,-2.1,-1.9,0.1,0,-0.6,5.1,9,3,-3,2.6,-11,52
20241128,2024,11,28,2025,Saint Mary's Gaels,USC Trojans,1,-6.5,0.5,-10.6,-3,-2.5,12.6,-5.4,-3,-2,-3.7,1.7,-8.1,-0.6,-1.2,-2,1.6,0,0,-0.9,11.1,23,12,-11,4.4,51,-138
20241129,2024,11,29,2025,Ole Miss Rebels,Purdue Boilermakers,0,2.9,-6,-3.5,-4.7,-3.3,-5.4,0.6,-4.6,-3.4,0.7,8.2,-5.4,1.9,-1.5,2.4,-3.6,0,0,1.7,-2.5,-18,0,0,-2.6,28,90
20241129,2024,11,29,2025,Butler Bulldogs,Mississippi State Bulldogs,1,0,-2.4,6.5,1.3,1.4,-7.3,7.7,-3.7,5.5,4.7,-7.6,1.2,-5.4,5.7,2,3.2,-0.1,0,0.6,-8.9,0,-7,7,-4.6,24,9
20241129,2024,11,29,2025,TCU Horned Frogs,Colorado State Rams,0,0.7,-8.3,-3.6,-7.3,-0.4,5.2,3.2,-7.6,-5.1,-13.2,2.1,6.9,-4,6.2,0.8,-13.4,0,0,-0.5,-4.7,2,-5,5,-0.9,-75,-32
20241129,2024,11,29,2025,Pittsburgh Panthers,Ohio State Buckeyes,1,-1.2,-0.9,4.5,-1.2,-1.2,-0.2,-0.7,0.5,-2.6,3,2.8,0.1,6.1,-2.7,-0.8,3,0,0,0.6,-5.4,6,-1,1,-2.7,31,-3
20241129,2024,11,29,2025,Oklahoma Sooners,Louisville Cardinals,1,-0.4,-0.5,5.4,1.2,1.7,-5.1,4.3,-2.6,3.5,4.6,-0.8,5.4,-3.8,2.5,1.4,-0.6,0,0,-0.9,-5.9,3,-6,6,-3,14,172
20241129,2024,11,29,2025,USC Trojans,New Mexico Lobos,0,-4.7,3,7.6,3,1.2,-4.2,-1.4,3.2,1.7,4.6,-5.7,6.2,-2.3,10.4,-0.4,5,0,0,0.1,-4.6,-3,-9,9,-1.3,-39,119
20241130,2024,11,30,2025,San Diego State Aztecs,Houston Cougars,1,4.9,-14.3,4.3,-2.7,2.2,-6.3,4.9,1.4,-6.9,-6.3,2,0.8,-1.2,0.9,1.8,3.1,0,0,-1.1,-18.6,-3,-6,4,-13.4,69,-21
20241130,2024,11,30,2025,Oregon Ducks,Alabama Crimson Tide,1,-6.9,-9.5,0.3,-4.2,-1.3,-5.4,-8.1,-7.6,-0.3,4.4,-0.1,2.9,1.4,2.7,-3.3,-0.4,0,0,-0.3,-9.8,9,-1,1,-5.9,12,38
20241203,2024,12,3,2025,Kentucky Wildcats,Clemson Tigers,0,6.7,4.3,4.5,1.7,-0.2,-4.1,7.1,3.8,-1.1,-3.2,1.3,4.3,-2.6,2.9,0,2.8,0,0,0.1,-0.2,-14,-5,5,0,-45,5
20241203,2024,12,3,2025,Michigan Wolverines,Wisconsin Badgers,1,2.1,-6.9,-1.3,0.7,5.8,5.8,2.5,2.1,-1.1,-11.4,4.2,-0.8,-1.2,-0.8,-3.8,3.9,0,0,-0.4,-5.6,-9,-1,1,-2.6,-17,-52
20241203,2024,12,3,2025,Cincinnati Bearcats,Villanova Wildcats,0,2.3,-7.1,-8.1,-3.6,-0.5,2.3,-3.2,1.5,-7.1,-14.8,3.5,-2,-2,7.4,-0.2,0.8,0,0,-0.7,1,1,-1,0,0.5,-24,20
20241203,2024,12,3,2025,Ole Miss Rebels,Louisville Cardinals,1,-0.8,-0.8,-0.4,-1.7,-3.5,-7.4,1.4,-5.8,1.8,-1.2,5.7,1.1,-1.5,0.2,2.1,2.5,0,0,0.3,-0.4,1,-3,3,-0.2,-7,75
20241203,2024,12,3,2025,Northwestern Wildcats,Iowa Hawkeyes,0,-5.1,-3.1,-8.6,-6.2,0.5,6.6,4.3,-6.7,-3.6,2.5,-0.4,-6.7,-1.1,4.8,0.6,-5.3,0,0,0.5,5.5,-3,1,0,2.4,-34,-167
20241204,2024,12,4,2025,Kansas Jayhawks,Creighton Bluejays,0,0.8,-0.7,-5.8,-2.2,-1.8,3.8,-5.2,-6.1,0.5,-3.4,2.1,0.2,-1.9,-0.6,-2.6,-2.9,0,0,1,5.1,7,-2,2,2.4,-15,-7
20241204,2024,12,4,2025,Auburn Tigers,Duke Blue Devils,0,2.5,1.8,3.3,-1.6,-1,-0.2,1.7,-1.1,-1.5,-3.5,6.9,3,-1.2,1.5,-2.3,-4.8,0,0,0.9,-1.5,8,0,0,-2.3,-44,-3
20241204,2024,12,4,2025,Marquette Golden Eagles,Iowa State Cyclones,0,-1.3,-1.2,2.6,-2,-3.5,-2.3,-13.8,-0.1,-2.5,-2.1,1.4,4.5,-1.6,-2.4,0,-3,0,0,-0.8,-3.8,0,0,0,-2.2,-11,-95
20241204,2024,12,4,2025,Alabama Crimson Tide,North Carolina Tar Heels,1,4.1,8.1,-4.1,2.3,2.1,6.4,5.5,4.5,0.5,-1.5,0.6,-1.1,-4.1,-4.9,2.1,4.5,0,0,0.7,12.2,2,3,-4,4.7,-28,-4
20241204,2024,12,4,2025,Oregon Ducks,USC Trojans,1,-0.5,1.1,-6,-1.9,-1.3,3.3,-3.6,-1.8,-1.2,2.7,1.5,-2.8,-1.1,-2.6,-0.3,-2.2,0,0,0.2,7.1,14,7,-7,3.5,-32,-128
20241204,2024,12,4,2025,Baylor Bears,UConn Huskies,0,1.1,-1.3,-3.3,-3.7,-0.6,0.3,0.1,-6.3,-0.1,-4,-10,5.2,-0.4,-3.5,2.4,-11.6,0,0,1,2,15,-3,3,-0.2,-17,-13
20241204,2024,12,4,2025,Pittsburgh Panthers,Mississippi State Bulldogs,0,-1.6,-1.9,4.4,0.5,-0.9,-6.1,2.6,-3,3.6,8.7,-1.8,0.9,-0.6,2.9,-0.5,-2.7,0,0,0.4,-6.3,4,-4,4,-2.6,28,-12
20241204,2024,12,4,2025,Ohio State Buckeyes,Maryland Terrapins,0,-2.6,-0.4,4.9,-0.8,1,-2.3,2.8,-1.8,0.6,0,-1.7,2.3,-1.5,2,2.9,-2.4,0,0,0,-5.3,-2,-6,6,-3.4,-53,-297
20241205,2024,12,5,2025,Purdue Boilermakers,Penn State Nittany Lions,0,-4.6,9.4,-2.7,2.9,-1.4,1.3,-2.2,0.4,4.8,-3.1,-5.5,4.4,-4.9,0.1,0.4,1.6,0,0,-0.8,12.1,18,6,-6,7.3,-70,-325
20241205,2024,12,5,2025,Xavier Musketeers,TCU Horned Frogs,0,2.3,7.8,0.9,6,-0.8,-7.1,4.3,2.1,8.5,13.9,-3,-3.4,1.2,-1.5,2.7,14.2,0,0,1.6,6.9,-6,4,-4,3.8,36,68
20241206,2024,12,6,2025,Illinois Fighting Illini,Northwestern Wildcats,0,6.7,6.9,-0.7,2,1.3,4.2,3.4,7.8,-3.2,2.5,-1.3,-4.2,-1.4,-3,0.3,-3.7,0,0,-1.2,7.6,-4,3,-3,4.5,-12,-39
20241207,2024,12,7,2025,Kentucky Wildcats,Gonzaga Bulldogs,1,0.4,0.1,3,-0.2,1.7,-3.9,4.2,-1.9,2,-6.6,3.4,4.5,-0.2,-1.1,-0.3,-4.9,0,0,0.1,-2.9,-25,-3,2,-1.5,-72,31
20241207,2024,12,7,2025,Wisconsin Badgers,Marquette Golden Eagles,0,0.1,5.7,1.6,2.7,0.8,-3,7.7,1.8,2.5,10.4,-5.5,-4.1,1.2,0.3,1.8,2.4,-0.1,0,0.6,4.1,6,1,-1,-0.1,4,58
20241207,2024,12,7,2025,Butler Bulldogs,Houston Cougars,0,6.7,-8.2,15.7,0,2.1,-9.4,12.3,2.1,-3.1,0.3,-9.1,6.7,-0.5,6.1,4.1,10.2,-0.1,0,0.3,-23.9,-8,-13,13,-15.3,30,17
20241207,2024,12,7,2025,San Diego State Aztecs,San Diego State Aztecs,0,0,0,0,0,0,0,0,0,0,0,0,0,0,0,0,0,0,0,0,0,0,0,0,0,0,0
20241207,2024,12,7,2025,Kansas State Wildcats,St. John's Red Storm,0,-2.6,-2.3,10.2,1.8,1.8,-7.7,-3.5,0,3.9,-0.2,-6.5,4.8,-0.4,5.6,1.7,5.8,0,0,0.2,-12.5,1,-11,11,-7.5,-28,19
20241207,2024,12,7,2025,Nebraska Cornhuskers,Michigan State Spartans,0,-0.3,-4.9,6.4,0.6,-0.2,-9.7,-0.7,-0.6,2.8,-4.5,-4.4,1.6,5.6,-0.7,1.4,-9.6,0,0,1.2,-11.3,-24,-7,8,-6.6,10,105
20241207,2024,12,7,2025,Iowa Hawkeyes,Michigan Wolverines,0,0.2,1,11,0.7,-6.1,-8.4,-9.6,-2.4,3.3,-1.4,0.9,9.6,3.3,-1.8,0.8,2.6,0,0,-0.5,-10,14,-7,6,-4.7,54,250
20241207,2024,12,7,2025,Saint Mary's Gaels,Utah State Aggies,1,-6.1,-3.8,-12.7,-4.9,-1.1,6.3,-6.9,-6.2,-2.1,-0.2,0.6,-7.3,-2.1,2.4,-2.3,-3.8,0,0,-0.5,8.9,23,3,-2,2.9,9,-84
20241208,2024,12,8,2025,Kansas Jayhawks,Missouri Tigers,0,0.5,-10.8,-8.2,-3.7,1.1,-3.3,-23.9,-2.8,-3.6,-2.1,5.6,-4.1,-3.1,-3.8,-2.1,10.8,0,0,1,-2.6,19,-2,2,3.4,-69,-297
20241208,2024,12,8,2025,Maryland Terrapins,Purdue Boilermakers,0,4.7,-5.6,-5.8,-2.1,-1.2,0.9,-3.6,-1.9,-1.5,2.5,6.5,-8.5,0.5,1.1,-3.3,-8.9,0,0,0.4,0.2,-17,2,-2,0.3,62,326
20241208,2024,12,8,2025,Duke Blue Devils,Louisville Cardinals,1,-3,10,-6.6,4.1,-2.2,3.1,-2.6,0.2,5.4,3.6,2.1,-6.4,-3.3,0.9,0.5,6.5,0,0,-1.2,16.6,2,3,-3,11.3,8,-7
20241208,2024,12,8,2025,UCLA Bruins,Oregon Ducks,1,-3.2,-1.3,-3.2,0.6,0.1,1.7,0.5,0.5,0.5,-5.8,-0.1,0.5,0.3,1.1,-2.3,5.3,0,0,-0.5,1.9,-9,-1,1,1.3,35,142
20241208,2024,12,8,2025,Texas A&M Aggies,Texas Tech Red Raiders,1,1,-8.4,-3.7,-8,2.6,7.2,11.7,-6.6,-6.8,-7.5,6.9,-0.7,1,8.1,6.8,-10.3,0,0,0.3,-4.7,4,-2,2,-2.4,-49,-197
20241208,2024,12,8,2025,UConn Huskies,Texas Longhorns,1,-3.1,5.7,3.4,2.8,2.7,5.1,-3.7,5.3,-0.4,3.2,6.6,-1.8,2.1,3.4,1.2,16,0,0,-1.1,2.3,4,4,-4,2.7,-20,-170
20241208,2024,12,8,2025,Vanderbilt Commodores,TCU Horned Frogs,1,2.5,12.8,4.7,4.7,-2.7,0.4,-0.5,5.5,2.6,9.7,1.1,-2.8,6,-1.4,1.7,-0.3,0,0,0.5,8.1,-8,4,-4,1.6,46,212
20241210,2024,12,10,2025,Michigan Wolverines,Arkansas Razorbacks,0,0.6,5.3,1,3.3,3.7,6.8,1.5,4.9,1.2,-1,-5.2,-2.2,0.4,-0.5,0.2,4,0,0,0.7,4.3,0,4,-4,1.7,-34,-133
20241210,2024,12,10,2025,Wisconsin Badgers,Illinois Fighting Illini,0,-3.9,2.1,-0.4,2.8,-1.6,-8.2,-0.5,-0.8,4.6,7.7,-3.4,2.1,0.4,0.8,2,2.6,0,0,1.6,2.5,2,4,-4,0.4,9,8
20241212,2024,12,12,2025,Iowa State Cyclones,Iowa Hawkeyes,1,-1.1,1.4,-13.9,-2.1,2.9,7.9,13.2,-1.4,-2.2,4.5,-1,-9.1,-1.7,4.8,1.2,-5.8,0,0,1,15.3,-11,7,-6,9.6,-30,-161
20241213,2024,12,13,2025,Indiana Hoosiers,Nebraska Cornhuskers,0,0.9,2.2,1.2,0.6,0.3,4.8,-2.1,0.6,-0.1,-3.7,-0.6,0.6,-1,1,-1.2,4.7,0,0,-0.5,1,-2,1,-1,0.1,-18,-100
20241214,2024,12,14,2025,Tennessee Volunteers,Illinois Fighting Illini,1,-7.7,-3.3,-10.5,0.4,0.6,0,-1.1,-4.4,3.7,-1,7.7,0.1,-4.4,1.7,0.9,8.5,0,0,1.9,7.2,2,5,-5,3.6,6,20
20241214,2024,12,14,2025,Ohio State Buckeyes,Auburn Tigers,0,-1.1,-12.6,5.5,-2.3,2.8,-6.2,1.1,-4.1,0.4,0.5,-6.8,3.6,0.2,2.3,1.1,-6.8,0,0,-0.6,-18.1,-10,-10,10,-9.7,10,24
20241214,2024,12,14,2025,Louisville Cardinals,Kentucky Wildcats,0,-1.7,-6.4,-4.5,-2.6,1,2.8,-0.2,1,-4.2,0.8,-3.8,-3.9,3.6,-1.5,1.5,-4,0,0,0.1,-1.9,0,4,-4,-2.6,27,-17
20241214,2024,12,14,2025,Creighton Bluejays,Alabama Crimson Tide,0,-7,-11.2,0.1,-1.2,1,-9.9,-12.1,0.3,-1.6,1.8,0.8,-2.4,1.6,1.1,-1.4,8.9,0,0,-0.3,-11.3,9,-2,2,-4.3,19,19
20241214,2024,12,14,2025,Gonzaga Bulldogs,UConn Huskies,0,6.1,2.8,-6.2,0.7,-3.5,-1.7,-0.8,0.4,-0.1,2.1,-9.8,3.4,-5.9,0,-0.8,-3.1,0,0,1.2,9,19,2,-1,2.1,49,-55
20241214,2024,12,14,2025,Texas A&M Aggies,Purdue Boilermakers,1,1.4,-8.2,-6.5,-9,2.2,11.3,5.2,-7.4,-7.7,-3.2,9.1,-9.5,2.7,4.6,5.4,-10.8,0,0,1.2,-1.7,-14,0,0,-0.7,3,13
20241214,2024,12,14,2025,Memphis Tigers,Clemson Tigers,1,6.5,-6.2,1.9,-0.3,3.5,0.4,10.5,-0.3,0.3,-5.8,1.6,-0.5,-0.4,2.3,1.6,-2.7,0,0,0.1,-8.1,-8,0,0,-4.7,8,-34
20241214,2024,12,14,2025,Wisconsin Badgers,Butler Bulldogs,1,-0.2,7.3,-7.9,1.7,-2.6,0.4,-5.8,4.6,-1.3,9,-1.4,-2.7,2,-3.1,0.3,-3,0,0,-0.3,15.2,7,10,-10,7.5,-14,21
20241214,2024,12,14,2025,Xavier Musketeers,Cincinnati Bearcats,0,3.7,2.3,1.8,1.8,1.3,-7.4,13.7,-2.2,5.6,12.2,-4.1,2.5,0.2,-4.7,3.6,14.1,0,0,1.3,0.5,-1,3,-3,-0.1,15,-64
20241214,2024,12,14,2025,UCLA Bruins,Arizona Wildcats,1,-5.4,-3.7,0,0.8,-0.7,-4.3,-2.6,-2.1,4,-7.6,-1.8,4.2,-0.5,3.9,0.4,0.5,0,0,-0.5,-3.7,2,1,-1,-3.5,41,155
20241214,2024,12,14,2025,VCU Rams,Colorado State Rams,1,0.3,1.6,-5.3,-1.7,-0.7,9.3,0.8,-2.1,-0.7,-4.4,7.5,-2.9,-4.4,4.4,-1.2,-6,0.1,0,0.2,6.9,-5,4,-4,4,17,129
20241214,2024,12,14,2025,Saint Mary's Gaels,Boise State Broncos,0,-3.8,0.5,-6.7,-1.7,-2.3,6.8,-7.8,-4.8,1.8,-7.7,3.6,-3.4,-1.2,6.1,-3.2,0.8,0,0,-0.4,7.2,9,5,-4,2.9,4,-87
20241217,2024,12,17,2025,Florida Gators,North Carolina Tar Heels,1,-1.4,7.7,-9,0.1,-0.1,8.2,-4.4,-0.2,0.8,-2.3,2.8,-3.8,-5.1,-5.2,-1.2,2.8,0,0,0.2,16.7,-1,6,-7,5.1,8,110
20241217,2024,12,17,2025,UC San Diego Tritons,Utah State Aggies,1,-2,-4.7,-8.6,-0.3,-2.4,-8,-4.7,-1.2,0.7,4.4,-2.9,-5.8,-0.1,1.5,-0.1,-5.7,0,0,-1.1,3.9,11,2,-2,-1.6,164,145
20241218,2024,12,18,2025,Butler Bulldogs,Marquette Golden Eagles,0,0.3,-1.6,9.5,1,3.4,-3.4,13.5,-2.8,3.8,1.3,-4.2,-1.4,-0.7,3.4,1.5,5.4,-0.1,0,0.8,-11.1,-1,-9,9,-7.6,18,37
20241218,2024,12,18,2025,Xavier Musketeers,UConn Huskies,0,4.9,-7.5,-5.8,-2.2,-0.7,-9.7,6,-6.9,3.4,0.8,-10.8,4.9,-4,-1.2,3,-0.4,0,0,1.8,-1.7,-4,-1,1,-3.4,16,47
20241218,2024,12,18,2025,Michigan Wolverines,Oklahoma Sooners,0,1.1,-1.3,-5.8,0.8,2.1,6.5,-3.1,4.1,-2.3,-7.2,2.8,-8.3,1.6,-1.7,-3.9,5.1,0,0,-0.1,4.5,-3,4,-4,2.5,-44,-171
20241218,2024,12,18,2025,VCU Rams,New Mexico Lobos,0,-6.8,3.3,-0.9,1.9,0.8,4.6,-6.9,3.1,0.4,4.8,1.4,-3.5,-4.2,5.6,-2.5,6.3,0,0,0.2,4.2,-2,1,-1,2.7,22,154
20241221,2024,12,21,2025,Purdue Boilermakers,Auburn Tigers,0,-3.2,-6.6,6.4,0.5,3,-4.9,1.8,-0.3,1.2,-2,-11.5,9.9,1.1,-0.7,1.5,4.5,0,0,-1.1,-13,9,-6,6,-6.6,1,-5
20241221,2024,12,21,2025,Kentucky Wildcats,Ohio State Buckeyes,0,3.3,7.2,2.3,2.5,-0.6,0.5,0.1,4.1,-0.1,-1.4,1.6,3.6,0.7,-3.3,-0.9,9.1,0,0,0.9,4.9,0,3,-3,3.3,-1,3
20241221,2024,12,21,2025,Marquette Golden Eagles,Xavier Musketeers,1,-1.6,3.4,-2.6,-1.3,-3,5.7,-11.8,4,-5.8,-6,4,1.2,-0.8,0,-3,-13.3,0,0,-1.5,6,1,2,-2,3.6,-29,-93
20241221,2024,12,21,2025,UConn Huskies,Butler Bulldogs,1,-3.6,5.7,-1.1,2.5,0.2,7.4,-7.7,5.8,-1.3,3.9,11,-4.7,5.5,-2.2,-1.5,8.2,0,0,-1.1,6.8,4,8,-8,7.4,-5,9
20241221,2024,12,21,2025,North Carolina Tar Heels,UCLA Bruins,1,6,2.7,7,1.3,-0.9,-2.7,2.1,2.6,-0.6,3,-0.4,-2.2,2.4,1.1,3.5,-9.4,0,0,0,-4.3,-2,-1,2,-0.1,-19,-176
20241221,2024,12,21,2025,Mississippi State Bulldogs,Memphis Tigers,1,-2.7,4.3,0.4,-2.2,-3.4,1,-6.8,3.5,-7.5,-1.6,2.7,0.4,3.8,-1.8,-1.1,2.1,0,0,-0.9,3.9,-4,-5,5,1.3,-49,45
20241221,2024,12,21,2025,Villanova Wildcats,Creighton Bluejays,0,-4.8,3.6,6.6,0.1,-2.6,4.2,-1.9,-8.8,6.8,7.7,-3.2,4.2,2.5,-3,-2.4,-13.9,0,0,0.2,-3,-12,-3,4,-2.6,39,133
20241221,2024,12,21,2025,Utah State Aggies,Iowa Hawkeyes,0,-1.8,2.9,-0.7,-0.2,1.9,8.5,11.6,1.3,-1.5,-0.4,-1,-3.3,-0.7,3.2,1.9,1.7,0,0,0.4,3.6,-14,9,-8,2.4,25,-159
20241221,2024,12,21,2025,UC San Diego Tritons,San Diego State Aztecs,1,0.1,5.7,3.9,5.3,-3.5,-4.9,1.4,5.2,3.9,6.8,-11.3,2.9,3.9,4.1,1.4,6.5,0,0,-0.4,1.8,4,6,-4,-0.9,173,243
20241222,2024,12,22,2025,Illinois Fighting Illini,Missouri Tigers,1,3.3,-4.3,-2.7,-4.7,0.5,2.8,-13.7,0.4,-6.8,3,1.5,-4.6,-0.6,-4,-1.7,1.2,-0.1,0,-1.6,-1.6,5,-2,2,1.9,-58,-244
20241222,2024,12,22,2025,Utah State Aggies,Saint Mary's Gaels,1,6.1,3.8,12.7,4.9,1.1,-6.3,6.9,6.2,2.1,0.2,-0.6,7.3,2.1,-2.4,2.3,3.8,0,0,0.5,-8.9,-23,-3,2,-2.9,-9,84
20241228,2024,12,28,2025,Gonzaga Bulldogs,UCLA Bruins,0,5.5,8.7,2.9,3.5,-2.5,0.8,-2.7,5.2,0.1,9.8,-1.8,-2.5,-1.4,-1.8,1.5,2.3,0,0,0.7,5.8,20,2,-1,3.6,35,-174
20241228,2024,12,28,2025,Ole Miss Rebels,Memphis Tigers,0,-2.3,3.3,-2.3,-2.4,-6.2,-9,-2.1,-0.7,-3.8,2.2,1.5,2,-0.1,-0.7,2.1,4.1,0,0,0.3,5.6,-5,-4,4,1.9,-33,97
20241228,2024,12,28,2025,Utah State Aggies,San Diego State Aztecs,1,2.1,10.4,12.5,5.6,-1.1,3.2,6.1,6.3,3.2,2.5,-8.4,8.6,4,2.6,1.5,12.2,0,0,0.6,-2.1,-7,4,-2,0.7,9,98
20241228,2024,12,28,2025,New Mexico Lobos,Colorado State Rams,1,7.1,-1.7,-4.4,-3.6,-1.6,4.6,7.7,-5.2,-1,-9.2,6.1,0.6,-0.2,-1.2,1.3,-12.3,0,0,0,2.7,-3,3,-3,1.3,-5,-25
20241230,2024,12,30,2025,Cincinnati Bearcats,Kansas State Wildcats,0,-2,1,-2.9,0.5,-2.4,2.6,-3.8,1.6,-0.9,-1.8,2,-1.9,0.1,2.6,-1.8,-9.1,0,0,-0.3,3.9,1,2,-2,3.9,12,89
20241230,2024,12,30,2025,TCU Horned Frogs,Arizona Wildcats,0,-3.4,-13.1,2.4,-4.6,0.5,-4.4,-2.7,-6.3,-1,-13,-1.5,6.6,-1.1,2.4,2.9,-8.7,0,0,-0.8,-15.5,5,-4,4,-9.2,7,15
20241231,2024,12,31,2025,West Virginia Mountaineers,Kansas Jayhawks,1,-4.4,-5.2,2.4,-3.2,-0.7,-4.8,1.8,-3.3,-1.4,2.2,-1.6,1.6,-0.5,2.8,0.7,-4.3,0,0,-1.5,-7.6,-21,-1,1,-6.1,5,43
20241231,2024,12,31,2025,Utah State Aggies,Baylor Bears,0,2.8,-0.1,5.5,4.1,-0.5,-1.5,6.3,6.1,0.9,-4.1,1.7,2.2,-1.8,3.1,-1.7,8.5,0,0,-0.6,-5.6,-21,6,-6,-4.6,70,64
20241231,2024,12,31,2025,St. John's Red Storm,Creighton Bluejays,0,2.1,-2.2,-8.8,-5.8,-2.5,11.6,2.3,-8.9,-3.3,-5.1,4.9,-0.7,0.9,-3.7,-2.4,-9.8,0.1,0,-0.3,6.6,-13,5,-5,1.5,31,45
20250101,2025,1,1,2025,North Carolina Tar Heels,Louisville Cardinals,0,1.8,0.3,5.6,0.7,-1.1,-2.5,0.7,-1.7,1.5,-1,1.8,-0.3,0.4,5.4,0.8,-2.8,0,0,-0.9,-5.3,3,-4,5,0.4,-9,-16
20250101,2025,1,1,2025,Villanova Wildcats,Butler Bulldogs,1,-4.7,3,-0.6,2.2,-1.2,2.8,-12.2,-0.5,3.6,7.3,0.8,-0.3,3.4,-6.2,-1.9,-7.1,0,0,0,3.6,0,5,-4,3.6,20,100
20250102,2025,1,2,2025,Illinois Fighting Illini,Oregon Ducks,1,3.5,4.1,-0.5,-0.2,-0.1,5.3,1.1,4.9,-3.9,-0.8,-1,-5.6,0.8,-2.4,-0.3,-3.1,0,0,-1.6,4.6,-7,-3,3,2.5,3,27
20250102,2025,1,2,2025,Northwestern Wildcats,Penn State Nittany Lions,0,-5.1,0.3,-3.8,-3.6,-2.9,2.9,-7.3,-5.9,0.4,-2.8,-0.5,-2,-1.6,2.2,-0.4,-2.6,0,0,-0.2,4.1,10,1,-1,2.1,-45,-226
20250103,2025,1,3,2025,Creighton Bluejays,Marquette Golden Eagles,0,0.4,-2.2,2.3,3.1,4.8,-4.7,3.2,5.6,0.6,0.9,-0.2,-6,0.2,0.3,2,12.3,-0.1,0,0.6,-4.5,11,-1,1,-1.4,-1,4
20250103,2025,1,3,2025,Michigan State Spartans,Ohio State Buckeyes,1,0.3,0,-7.4,-2.7,1,7.3,1.7,1.7,-7.7,4.1,3.6,-1.8,-1.4,-3.7,-1.1,14.7,0,0,-0.5,7.4,29,7,-8,3.9,14,28
20250103,2025,1,3,2025,Iowa Hawkeyes,Wisconsin Badgers,0,2.3,-5.9,9.7,1.4,-0.3,-2.6,-7.1,-0.3,2.2,-12.8,5.1,8.8,2.1,-2.6,-3,6.4,0,0,-0.9,-15.6,5,-8,7,-7.3,37,198
20250104,2025,1,4,2025,Arkansas Razorbacks,Tennessee Volunteers,0,5.3,-6.8,7.8,-0.2,0,-9.2,1.7,0.8,-1.5,-1.7,-1.6,3.4,3.2,-1.2,-2.8,-6.1,0,0,-1.4,-14.6,-9,-6,6,-7.5,20,69
20250104,2025,1,4,2025,Missouri Tigers,Auburn Tigers,0,-0.3,-4.5,7.3,0.7,2.2,-1.9,13.8,0.7,0.6,-2.1,-9.2,3.7,3.6,2.4,2.8,-4.7,0,0,-0.1,-11.8,-8,-6,6,-9.2,72,299
20250104,2025,1,4,2025,Baylor Bears,Iowa State Cyclones,0,-3.5,1.6,7.7,-2.2,-0.5,2.1,-7.9,-3.4,-0.1,-0.8,-1.7,3.6,2.8,-4.7,2.5,-1,0,0,-0.1,-6.1,18,-4,4,-2.6,-15,-62
20250104,2025,1,4,2025,Duke Blue Devils,SMU Mustangs,1,-3,10.2,-12.3,2.6,-3.2,-2.5,-4.1,3.8,0.2,5.3,-0.2,-3.1,-2.7,-3.3,-0.3,4,0,0,-0.8,22.5,2,5,-5,13.9,-29,-140
20250104,2025,1,4,2025,Oklahoma Sooners,Alabama Crimson Tide,0,-6.3,-8.9,3.9,-1.8,0.8,-9,-1.9,-5.4,1.5,7.1,-3.2,6.9,-0.1,2,-1.5,-2.3,0,0,-0.7,-12.8,-2,-5,5,-8.1,51,192
20250104,2025,1,4,2025,Florida Gators,Kentucky Wildcats,0,-1.3,1.6,-7.9,-1.8,-0.2,8.6,-3.8,-0.9,-2,-2.5,0.8,-8.1,-1,-1.2,1.2,-4,0,0,-0.7,9.5,2,6,-6,2.9,26,77
20250104,2025,1,4,2025,Texas Longhorns,Texas A&M Aggies,0,0.6,0.8,7.7,5.3,-3.9,-11.7,-5.7,3.9,5.2,5.6,-2.9,0.7,1.1,-7.2,-6.8,0.7,0,0,-0.1,-6.9,-3,-4,4,-2.4,48,213
20250104,2025,1,4,2025,BYU Cougars,Houston Cougars,0,6.1,-1.4,11.7,4.6,2.2,-4,2.1,9.4,-2.4,-5.4,-6.7,5.8,3.3,0.4,1.2,12.9,0,0,-0.7,-13.1,-10,-4,4,-8.3,48,253
20250104,2025,1,4,2025,UCLA Bruins,Nebraska Cornhuskers,0,-2.6,3.3,-2.6,1.4,-0.6,5.9,-2.4,-0.4,2.7,-4.3,0.8,1.7,-1.9,4.1,-2.4,6.6,0,0,-0.6,5.9,0,4,-4,3.9,12,13
20250104,2025,1,4,2025,Arizona Wildcats,Cincinnati Bearcats,1,4.8,7.6,-1.5,0.3,1.6,4.1,12.2,2,-2,11.3,0.4,-0.7,0.1,-5.6,-2,8.6,0,0,0.5,9.1,0,3,-3,5.3,-28,-147
20250104,2025,1,4,2025,Georgia Bulldogs,Ole Miss Rebels,0,-1.5,-2.6,0.6,0.6,6.4,11.4,3,2.6,-1.7,-1.6,1.1,-2.4,-2.5,3.2,-1.7,-6.3,0,0,-1.6,-3.2,1,-2,2,-1.1,22,113
20250104,2025,1,4,2025,Butler Bulldogs,St. John's Red Storm,0,-2.2,2.8,16,3.7,1.1,-10.2,8.1,0.6,6.6,5.5,-8.9,5.3,-1.7,6.9,1.9,3,-0.1,0,0.5,-13.2,1,-13,13,-7.7,-12,-12
20250104,2025,1,4,2025,Kansas State Wildcats,TCU Horned Frogs,0,0.6,4.5,2,3.7,0.4,-2.3,-5.6,2.7,3.8,3.5,-0.9,-4.1,0.9,0.7,1,9.2,0,0,0.6,2.5,-6,-1,1,0,9,43
20250104,2025,1,4,2025,San Diego State Aztecs,Boise State Broncos,1,0.2,-6.1,-6.5,-2.4,-0.2,-2.7,-7.1,-5,0.8,-10,11.4,-4.7,-3.1,1.1,-2.4,-7.7,0,0,-0.6,0.4,-7,-2,0,-0.7,-14,-101
20250104,2025,1,4,2025,Texas Tech Red Raiders,Utah State Aggies,1,-2.4,3.3,-9.6,-0.5,-0.3,0.6,-8.8,-2.4,1.3,6.8,-2.3,-5.6,-2,-4,-2,-3.3,0,0,0.5,12.9,1,-1,1,6.9,-32,103
20250104,2025,1,4,2025,Michigan Wolverines,USC Trojans,1,1.2,0.4,-8.2,1.4,2.8,6.2,-0.5,4.4,-1.7,-1.7,1.3,-7.1,-1,-5,-2.4,1.1,0,0,-0.3,8.6,0,7,-7,3.8,-37,-145
20250105,2025,1,5,2025,Maryland Terrapins,Oregon Ducks,0,2,0.7,-4.5,2.1,-1.1,0.4,-0.8,1.6,2.1,-1.2,1.6,-3.4,-0.5,-0.5,-3.1,-4,0,0,-0.6,5.2,-12,1,-1,3.5,52,293
20250105,2025,1,5,2025,Northwestern Wildcats,Purdue Boilermakers,0,-0.5,-9.1,-1.1,-6.5,-1.5,1.6,-5.1,-6.4,-4.3,0.3,5.1,-6.5,3.4,2.1,-0.8,-4.2,0,0,0.6,-8,-8,-5,5,-5.2,25,99
20250105,2025,1,5,2025,Indiana Hoosiers,Penn State Nittany Lions,1,-1.6,0.7,-3.4,-1.6,-0.6,2.3,-4.2,-1.7,-1.1,-4.7,-2.2,-1.3,-2.6,-0.4,-0.8,0.1,0,0,-0.2,4.1,2,3,-3,1.6,-55,-263
20250106,2025,1,6,2025,TCU Horned Frogs,Houston Cougars,0,5.7,-17.8,7.9,-5.6,2.4,-4.6,6.4,-1.1,-9.6,-8.9,-5.8,10.3,-0.2,4.2,2.9,3.9,0,0,-0.7,-25.7,-2,-10,10,-15.1,5,5
20250107,2025,1,7,2025,Tennessee Volunteers,Florida Gators,0,-5.6,-8.3,-5.8,-1.9,1.3,-2,1.7,-2.5,-0.8,3.3,4.3,0.1,-1.3,2.3,0.6,6.7,0,0,0.5,-2.5,7,-2,2,-0.2,-15,-29
20250107,2025,1,7,2025,Auburn Tigers,Texas Longhorns,1,1.2,14,-7.6,3.2,-1.4,5.3,-1.4,3.9,1.3,-0.3,5.3,-1.2,-4.9,3.3,-0.1,5.7,0,0,-0.1,21.6,8,10,-10,9.7,-52,-221
20250107,2025,1,7,2025,Utah State Aggies,Iowa State Cyclones,0,-0.7,1.5,13.2,1.9,-1,0.6,-1.6,2.7,0.7,-4.9,0,5.8,1,-1.5,0.8,7.5,0,0,-0.7,-11.7,-3,2,-2,-7.2,55,2
20250107,2025,1,7,2025,Pittsburgh Panthers,Duke Blue Devils,0,0.2,-11.7,13.3,-5.1,0.5,-6.6,2,-4.8,-3.7,0,2.9,6.8,5.1,1.1,-2.1,-8.6,0,0,0.8,-25,4,-11,11,-14.7,-3,18
20250107,2025,1,7,2025,Kentucky Wildcats,Georgia Bulldogs,0,4,9.8,4.3,3.7,-3.9,-6.9,-4.3,2.3,4.1,2,-2.9,5.2,0.3,-1.9,-2,7.7,0,0,1.2,5.5,-2,1,-1,3.9,-42,-171
20250107,2025,1,7,2025,Mississippi State Bulldogs,Vanderbilt Commodores,1,-1.5,-0.8,-3.4,-0.3,1,2.1,-1.3,1.4,-1.6,-5.3,3.3,-2.1,-0.9,-2.3,-2.5,3.4,0,0,-0.1,2.6,2,0,0,2.8,-45,-209
20250107,2025,1,7,2025,Arizona Wildcats,West Virginia Mountaineers,1,5.9,10,0.4,2.2,1.1,11.4,10.5,4.2,-1.4,5.4,0.2,-0.1,3,-3.4,-2.8,2.7,0,0,0.6,9.6,3,2,-2,6.9,-3,-30
20250107,2025,1,7,2025,Michigan Wolverines,UCLA Bruins,1,4.9,0.6,1,2.7,4,1.3,2.6,5.8,-0.9,1.4,-0.1,-4.7,-0.2,-3.5,0.3,-2,0,0,0,-0.4,-5,1,-1,-1,-40,-159
20250107,2025,1,7,2025,St. John's Red Storm,Xavier Musketeers,1,0.9,-1,-9.1,-4,-0.6,12.5,-6.4,0.6,-8.6,-10.2,8.6,-5.5,0.2,-3.4,-3.4,-10.8,0,0,-1.2,8.1,-1,6,-6,3.7,1,-44
20250107,2025,1,7,2025,Clemson Tigers,Louisville Cardinals,0,-5,2.1,0,1,-0.8,1.2,-6.9,-4.8,5.3,2.4,2.6,-0.4,-1,-1.4,-1.5,1.2,0,0,-0.2,2.1,14,1,-1,2.6,18,12
20250107,2025,1,7,2025,Cincinnati Bearcats,Baylor Bears,0,0.1,-8.5,-4.3,-0.3,-1.3,-2.6,-7.8,1.5,-2.1,-7.5,3.3,-2.8,-3.7,6.9,-3,-2.9,0,0,-0.5,-4.2,-18,-1,1,-3.1,18,124
20250107,2025,1,7,2025,Nebraska Cornhuskers,Iowa Hawkeyes,0,-2.5,-4.9,-9.4,-4.8,2.6,1.2,9.5,-3,-5.1,4.4,-1.6,-6.6,-1.1,1.2,1.3,-7.2,0,0,1,4.5,-9,2,-1,1.8,-26,-104
20250107,2025,1,7,2025,Texas Tech Red Raiders,BYU Cougars,1,-1.5,0.8,-4.5,-2.2,-1.4,1.4,0.1,-4.1,0,8.4,-1.9,-2,-2.5,-0.8,0.2,-0.8,0,0,0.8,5.3,1,1,-1,2.5,-2,-73
20250107,2025,1,7,2025,SMU Mustangs,North Carolina Tar Heels,0,-1.8,-0.5,0.1,0.8,2.1,8.1,0.8,-1.9,3.8,-0.6,0.5,-2.9,-1.1,-1.3,0,5.3,0,0,0.5,-0.6,-3,2,-3,-3,46,149
20250108,2025,1,8,2025,UConn Huskies,Villanova Wildcats,0,1.1,2.7,-0.5,0.3,1.4,4.6,4.5,6.2,-4.9,-3.4,10.3,-4.4,2.1,4,0.4,15.3,0,0,-1.1,3.2,4,3,-4,3.8,-25,-91
20250108,2025,1,8,2025,Texas A&M Aggies,Oklahoma Sooners,1,-1.9,-2.5,-8.8,-7.2,0.3,14.4,1.8,-6.1,-6,-9.7,7.3,-8.4,3.1,3.8,3.7,-4.2,0,0,0.7,6.3,2,3,-3,4.7,-46,-174
20250108,2025,1,8,2025,Penn State Nittany Lions,Illinois Fighting Illini,0,-1.6,-7.2,4.5,1.6,1.6,-7.1,3.9,-1.8,2.7,0.3,1.7,6.3,3,0.8,0,6.3,0.1,0,1.4,-11.7,-6,-4,4,-6.6,57,265
20250108,2025,1,8,2025,San Diego State Aztecs,Gonzaga Bulldogs,0,-4.3,-14.6,-4.1,-5.9,3.4,-2.6,1.1,-6.9,-2.4,-12.6,9.9,-4.6,-0.3,-3,0,-12.3,0,0,-1.5,-10.5,-18,-3,0,-7.6,-5,8
20250108,2025,1,8,2025,Ole Miss Rebels,Arkansas Razorbacks,1,-0.9,6.3,1,-0.4,-3.6,-2,1.7,-2.4,1.9,0.5,-1.6,1.7,1.2,-1.2,4.7,1.9,0,0,1.9,5.3,1,3,-3,2,-11,-59
20250108,2025,1,8,2025,USC Trojans,Indiana Hoosiers,0,0.2,1.3,5.4,2.1,0.3,-3.8,2.7,0.5,3.6,2.5,0,3.4,-0.2,4.6,1.4,-1.1,0,0,0.3,-4.1,-3,-3,3,-1,27,99
20250109,2025,1,9,2025,Oregon Ducks,Ohio State Buckeyes,1,0.6,-0.3,-0.4,-1.3,0.1,1.9,-2,0.3,-2.7,1.2,0.1,1.1,2,-1.5,0.3,6.5,0,0,0.5,0.1,14,5,-5,-0.1,1,4
20250110,2025,1,10,2025,UCLA Bruins,Maryland Terrapins,0,-5.2,-2,1.3,-1.6,1.2,1.3,1.3,-1.1,-1.6,-4.7,-1.7,3.9,0.8,1.6,0.8,9.3,0,0,0.1,-3.3,3,-2,2,-2.2,-17,-151
20250111,2025,1,11,2025,Tennessee Volunteers,Texas Longhorns,1,-3.5,1.9,-13.5,-0.4,2,6.2,-2.3,0.5,-1.2,-0.5,5.2,-1.9,-6.3,3.4,1.9,10.7,0,0,0.1,15.4,7,7,-7,6,-32,-146
20250111,2025,1,11,2025,Iowa State Cyclones,Texas Tech Red Raiders,1,3.1,-4.8,-3.6,-1.4,1.3,-1.2,10.4,-0.4,-2.1,-2,2.3,-0.2,1,5.5,1.2,-4.2,0,0,0.1,-1.2,2,-1,1,0.3,-23,-105
20250111,2025,1,11,2025,Alabama Crimson Tide,Texas A&M Aggies,1,8.2,11.4,4.9,9,-1,-5.4,0.1,11.5,4.5,2.5,-4.1,1.5,-3,-5.8,-2.2,6.4,0,0,0,6.5,0,2,-2,3.4,-5,-18
20250111,2025,1,11,2025,Kentucky Wildcats,Mississippi State Bulldogs,1,2.9,6.2,2.2,4.2,-0.3,-5.5,3.4,0.6,6.1,4.2,-3,4.4,-6,2.4,-0.5,3.4,0,0,0.8,4,-2,0,0,3.4,-4,-6
20250111,2025,1,11,2025,Florida Gators,Arkansas Razorbacks,1,0.3,15.1,-2,2.1,-1.3,11.1,-3.4,1.6,2.3,-1.7,-2.7,-3.5,-2,-1.1,2.3,-0.6,0,0,0.9,17.1,2,8,-8,7.7,-5,-40
20250111,2025,1,11,2025,Kansas Jayhawks,Cincinnati Bearcats,1,3.3,2.8,-4.3,1.3,1.3,-2.6,-0.1,1.2,0.8,3.7,1.8,-2.1,-2.3,-5,0,10.2,0,0,1.4,7.1,18,2,-2,4.5,-30,-160
20250111,2025,1,11,2025,Houston Cougars,Kansas State Wildcats,1,-6.3,13.3,-9.9,1.9,-2.8,6.9,-0.7,-1.6,5.7,5.4,6.7,-6.2,-0.8,-4.8,-3.9,-13.1,0,0,0.1,23.2,8,11,-11,15.1,-14,-48
20250111,2025,1,11,2025,USC Trojans,Illinois Fighting Illini,1,-3,-5.2,6.5,2.1,1.4,-8.6,2.5,-3.1,5.2,-1.9,-0.5,8.4,0.3,5,0.6,5.3,0,0,1.5,-11.7,-7,-4,4,-6,29,101
20250111,2025,1,11,2025,Oklahoma Sooners,Georgia Bulldogs,0,1.9,2.9,5.2,2.3,-1.1,-9.1,-0.2,0.6,3.4,7.4,-7.5,6.8,0.1,-0.8,1,3.2,0,0,0.4,-2.3,1,-1,1,-1.7,-1,-16
20250111,2025,1,11,2025,Boise State Broncos,Utah State Aggies,0,-2.3,-4.3,-6,-3.3,1.2,-0.5,1,-1.4,-4,7.5,-3,-4,-0.9,-3.7,0.9,-4.6,0,0,0,1.7,14,-2,2,0,5,3
20250111,2025,1,11,2025,Louisville Cardinals,Pittsburgh Panthers,1,2.8,1.7,-6.7,1,1.6,3.5,0.6,4.6,-1.7,-3.6,-5,-0.4,-1.8,-2,1.5,2.1,0,0,0.5,8.4,-6,8,-8,3.4,-5,-11
20250111,2025,1,11,2025,Creighton Bluejays,Butler Bulldogs,1,0.1,-0.6,-7.2,2.1,1.4,-1.3,-10.4,8.4,-3.2,-0.4,4,-4.6,0.9,-3.1,0.5,6.8,0,0,-0.2,6.6,12,8,-8,6.2,-19,-33
20250111,2025,1,11,2025,San Diego State Aztecs,New Mexico Lobos,0,-7.2,-3.1,-2.8,-0.7,1,-1.1,-6.1,0.1,-1.3,-1.4,3.8,-3.3,-4.8,4.1,-1.5,-1.9,0,0,-0.9,-0.3,4,-4,2,-0.5,-6,-33
20250111,2025,1,11,2025,BYU Cougars,TCU Horned Frogs,0,0.4,16.4,3.8,10.2,-0.2,0.6,-4.3,10.5,7.2,3.5,-0.9,-4.5,3.5,-3.8,-1.7,9,0,0,0,12.6,-8,6,-6,6.8,43,248
20250111,2025,1,11,2025,Vanderbilt Commodores,Missouri Tigers,0,1.1,-6.3,1.7,-4.5,-0.8,-0.6,-14.8,-2.7,-4.8,2.2,3.8,1.2,4.2,-3.4,0.5,0.1,0,0,-0.2,-8,-2,-1,1,-3.4,-14,-57
20250111,2025,1,11,2025,Villanova Wildcats,St. John's Red Storm,0,-6.9,5.8,15.4,5.9,-0.1,-7.4,-4.2,0.1,10.1,12.8,-8.1,5,1.6,0.7,0.1,-4.1,0,0,0.5,-9.6,1,-8,9,-4.1,8,88
20250111,2025,1,11,2025,Indiana Hoosiers,Iowa Hawkeyes,0,-1.6,-2.7,-8.2,-4.2,2.9,6,7.4,-2.4,-5.2,0.6,-2.1,-6,-2,2.3,0.2,-2.5,0,0,0.5,5.5,-11,3,-2,1.9,-44,-204
20250111,2025,1,11,2025,Saint Mary's Gaels,San Diego State Aztecs,1,-4,6.6,-0.2,0.7,-2.2,9.5,-0.8,0.1,1,2.2,-7.8,1.3,1.9,5,-0.9,8.4,0,0,0.2,6.8,16,7,-4,3.6,18,14
20250112,2025,1,12,2025,Oregon Ducks,Penn State Nittany Lions,1,-1.9,3.1,-4,-1.3,-1.5,1.8,-5,-3.1,1.2,0.5,-0.7,-0.7,-3.9,1.6,0.3,-3.2,0,0,0.2,7.1,13,7,-7,4.1,-60,-292
20250112,2025,1,12,2025,Michigan State Spartans,Northwestern Wildcats,1,2.9,3.1,-7.2,0.9,2.3,4.3,5.9,4.3,-4.2,6.3,3.3,-1.5,-5.7,-2.8,-0.7,7.7,0,0,-0.7,10.3,18,8,-9,6,-2,-42
20250112,2025,1,12,2025,Nebraska Cornhuskers,Purdue Boilermakers,0,2.1,-10.9,-1.9,-5,0.6,-3.8,0.2,-2.7,-5.8,2.2,4,-6.4,3.3,-1.4,-0.1,-6.2,0,0,1.1,-9,-14,-4,4,-5.8,33,162
20250114,2025,1,14,2025,Mississippi State Bulldogs,Auburn Tigers,0,-0.7,-11.6,5.6,-4.1,2.5,-0.3,-2.3,-0.7,-5.8,-5.2,-2.2,2.9,6.9,-3.4,0.8,-1.1,0,0,-0.5,-17.2,-8,-7,7,-9.8,13,33
20250114,2025,1,14,2025,Ole Miss Rebels,Alabama Crimson Tide,1,-6.7,-9.2,-1.9,-4.7,-4.5,-11.3,-4.7,-8.6,-0.2,1.4,3.2,2.5,2.2,-0.4,-0.8,0.8,0,0,0.5,-7.3,-4,-2,2,-5.3,30,95
20250114,2025,1,14,2025,Missouri Tigers,Florida Gators,1,-1.2,-0.7,7.4,2.4,0.2,-4.7,16.5,1.6,2.3,1.4,-4.9,4.6,3.8,4.6,1.4,-3,0,0,0.2,-8.1,0,-5,5,-5.7,37,195
20250114,2025,1,14,2025,Texas A&M Aggies,Kentucky Wildcats,0,-4,-9.4,-7.9,-8.6,3,12.2,6,-7.7,-6.7,-4.3,2.7,-6.8,2.9,4.9,6.6,-8.7,0,0,-0.1,-1.5,5,1,-1,-0.9,-5,-19
20250114,2025,1,14,2025,Illinois Fighting Illini,Indiana Hoosiers,1,3.2,6.5,-1.1,0,-1.1,4.8,0.2,3.5,-1.6,4.4,0.4,-4.9,-0.5,-0.4,0.8,-6.5,0,0,-1.2,7.6,4,1,-1,5,-2,-2
20250114,2025,1,14,2025,Ohio State Buckeyes,Wisconsin Badgers,0,-0.2,-5.9,1.3,-1.2,1.6,1,1.4,-4.4,2,-8.1,4.3,2.3,-3.2,3.1,-2,-5.9,0,0,-0.5,-7.2,-9,-6,6,-2.8,-13,-39
20250114,2025,1,14,2025,Baylor Bears,Arizona Wildcats,0,-4.9,0.9,5.8,-0.1,-0.3,-1.4,-4.4,-3.5,4,-3.8,-3.7,3.5,3.6,-1.4,5.1,-5.8,0,0,0,-4.9,18,-2,2,-2.2,10,23
20250114,2025,1,14,2025,Villanova Wildcats,Xavier Musketeers,0,-6,4.8,6.3,1.8,-0.8,5.1,-10.5,0.7,1.5,2.6,0.5,-0.5,1.9,-2.7,-3.4,-14.9,0,0,-0.7,-1.5,0,-2,3,-0.4,9,44
20250114,2025,1,14,2025,Texas Tech Red Raiders,Kansas State Wildcats,1,-1.7,12.7,-2.7,4.3,-1.9,4.4,1.5,3.8,3.4,8.4,-1.9,-2.4,0,-5.2,-2.5,-1,0,0,0.1,15.4,-1,8,-8,9.3,32,132
20250114,2025,1,14,2025,Iowa Hawkeyes,USC Trojans,0,1.4,1.4,2.8,2.1,-3.2,-2.2,-10.1,2,1.6,-3.1,2.2,2.5,2.2,-6.8,-1.6,3.7,0,0,-0.8,-1.4,14,0,-1,-0.9,17,105
20250114,2025,1,14,2025,Colorado State Rams,San Diego State Aztecs,0,0.1,4.8,7.2,4.4,0.6,-3.5,-1.6,5.1,2.4,10.6,-9.9,2.6,5,-3,0.2,14.2,0,0,0.9,-2.4,-1,1,1,-0.8,11,58
20250115,2025,1,15,2025,Kansas Jayhawks,Iowa State Cyclones,0,-0.1,-4.1,-0.9,-1.1,-0.5,-3.2,-15.8,-0.6,-1.4,-4.6,3.4,-1.3,-3.3,-2.7,-0.5,6.4,0,0,0.8,-3.2,18,-3,3,-1.2,-27,-98
20250115,2025,1,15,2025,Georgia Bulldogs,Tennessee Volunteers,0,2.9,-3.1,9.4,0,2.7,0.3,6.4,1,-1.3,-2.8,-2.2,2.7,1.9,0.8,0.3,-10.4,0,0,-1.1,-12.5,-7,-5,5,-6.6,31,123
20250115,2025,1,15,2025,West Virginia Mountaineers,Houston Cougars,0,3.2,-14.7,5.1,-3.2,0.9,-11.6,-1.4,1,-7.2,-1.3,-4.5,3.9,-2,5.2,2.8,9.9,0,0,-0.5,-19.8,-10,-8,8,-12.8,1,20
20250115,2025,1,15,2025,Penn State Nittany Lions,Michigan State Spartans,0,2.2,-3.4,11,2.7,0.6,-7.2,1.4,1.6,3.8,-3.5,-2.8,3.6,7.2,0.6,1.1,-5,0,0,0.9,-14.4,-28,-9,10,-8.1,47,268
20250115,2025,1,15,2025,Utah State Aggies,TCU Horned Frogs,1,1.3,13.9,8.9,8.6,-1.3,1.5,4.6,8.8,5.9,5,-0.5,-0.9,2.9,-0.6,0.5,11.4,0,0,0.2,5,-8,8,-8,2.4,73,72
20250115,2025,1,15,2025,Texas Longhorns,Oklahoma Sooners,1,-1.3,-1.7,-1.1,-1.9,-3.6,2.7,-3.9,-2.2,-0.8,-4.1,4.5,-7.6,4.2,-3.4,-3.1,-3.5,0,0,0.5,-0.6,-1,-1,1,2.3,2,39
20250116,2025,1,16,2025,Maryland Terrapins,Northwestern Wildcats,0,5.2,3.5,-4.7,4.4,0.3,-0.7,1.5,4.4,2.9,2.2,1.4,-2.1,-2.8,-1.1,-2.5,-4.6,0,0,-0.1,8.2,-9,7,-7,5.5,37,227
20250117,2025,1,17,2025,Indiana Hoosiers,Ohio State Buckeyes,1,0.9,-2.7,0.2,-1.6,1.1,2.4,-1.1,1.7,-5.1,-4.1,-1.4,0.5,3.3,-3.5,-0.8,9.8,0,0,0.1,-2.9,3,1,-1,-2.6,6,33
20250117,2025,1,17,2025,Iowa Hawkeyes,UCLA Bruins,0,5.1,1.6,12,3.4,-2.1,-7.1,-7,3.3,2.3,0,0.8,4.8,3,-5.3,1.1,0.6,0,0,-0.5,-10.4,9,-6,5,-5.7,14,91
20250117,2025,1,17,2025,Boise State Broncos,New Mexico Lobos,0,-7.4,3,3.7,1.7,1.1,1.6,1,5.1,-2.1,8.6,-7.6,1.4,-1.7,3.1,0.9,5.8,0,0,-0.3,-0.7,11,-2,2,0.2,8,68
20250118,2025,1,18,2025,Auburn Tigers,Georgia Bulldogs,1,1.8,15.2,-3.5,3.6,-6.1,-1.1,-5.5,2.3,3.8,2.9,2.3,-2,-0.5,-0.9,-2.2,5.4,0,0,0.9,18.7,8,8,-8,10.3,-51,-198
20250118,2025,1,18,2025,Iowa State Cyclones,West Virginia Mountaineers,0,4.5,9.3,-1.5,4.2,1.2,7.9,14,4,2.8,2.3,-1.8,-0.3,3.8,-0.1,-0.2,-2.1,0,0,0.7,10.8,3,4,-4,7.3,22,55
20250118,2025,1,18,2025,Alabama Crimson Tide,Kentucky Wildcats,1,4.2,2,-3,0.4,2,6.7,6,3.8,-2.2,-1.8,-1.4,-5.3,-0.1,-0.9,4.5,-2.2,0,0,-0.1,5,5,3,-3,2.5,-10,-37
20250118,2025,1,18,2025,Texas Longhorns,Florida Gators,0,-2.1,-10.2,7.7,-1.5,-0.7,-8.1,4.1,-3,0.4,3.8,-0.9,2,5,-1.1,-1.3,-4,0,0,0.4,-17.9,0,-9,9,-6.2,17,117
20250118,2025,1,18,2025,Tennessee Volunteers,Vanderbilt Commodores,0,-5.5,-1.3,-14.9,0.2,1.9,3.3,0,-1.3,1.7,-0.2,5.4,-5.7,-9.2,1.1,-1.3,9.6,0,0,0.5,13.6,9,4,-4,8.9,-38,-167
20250118,2025,1,18,2025,Xavier Musketeers,Marquette Golden Eagles,1,1.6,-3.4,2.6,1.3,3,-5.7,11.8,-4,5.8,6,-4,-1.2,0.8,0,3,13.3,0,0,1.5,-6,-1,-2,2,-3.6,29,93
20250118,2025,1,18,2025,Kansas State Wildcats,Kansas Jayhawks,0,-1.3,-3.8,7.2,-1.8,1.1,0,4,-2.8,0.1,-1.9,-3.8,4,2.3,2.4,1.8,-1.1,0,0,-1.1,-11,-19,-4,4,-8.4,18,71
20250118,2025,1,18,2025,Purdue Boilermakers,Oregon Ducks,1,-2.7,6.3,1.3,4.2,0.1,-0.5,2.8,3.5,3.6,-3.7,-4.8,5.1,-1.1,-1.5,0.1,4.8,0,0,-1,5,5,-1,1,3.2,-10,-33
20250118,2025,1,18,2025,Creighton Bluejays,UConn Huskies,1,3.7,-6.3,-6.1,-0.4,1.2,-8.7,-2.6,2.6,-1.9,-4.4,-7,0.1,-4.6,-0.9,2,-1.4,0,0,0.9,-0.2,8,0,0,-1.2,-14,-42
20250118,2025,1,18,2025,Ole Miss Rebels,Mississippi State Bulldogs,0,0.4,-1,-2.7,-0.1,-2.8,-10,4.7,-4.2,3.7,3.8,-1.1,1.6,-3.9,1.1,3.1,2,0,0,1.2,1.7,-1,1,-1,0.6,16,52
20250118,2025,1,18,2025,Wisconsin Badgers,USC Trojans,1,-0.9,7.3,-6.9,0.7,-3,0.4,-3,2.3,-0.6,9.7,-2.9,-6.2,0.2,-4.2,1.4,-2.8,0,0,0.1,14.2,9,8,-8,6.4,-20,-93
20250118,2025,1,18,2025,Clemson Tigers,Pittsburgh Panthers,1,-2.2,3.8,-6.7,2,0.8,4.7,-6.3,-0.2,3.6,-1.2,-2.5,-0.8,-2.9,-3.4,0,3.3,0,0,0.3,10.5,8,9,-9,6,13,1
20250118,2025,1,18,2025,Arizona Wildcats,Texas Tech Red Raiders,0,4.5,-4.1,-1.7,-3.5,1.1,2.3,6.9,-0.2,-6.2,1.1,4.3,-0.1,0.2,2.2,-1.4,0.6,0,0,0,-2.4,2,-3,3,-0.1,-48,-190
20250118,2025,1,18,2025,Arkansas Razorbacks,Missouri Tigers,0,0.9,-14.4,-5.4,-4.5,1.1,-6.4,-13.1,-3.2,-4.6,0.3,7.5,-1,-1.8,-3.5,-3.7,3.6,0,0,-1.1,-9,-2,-3,3,-2,-32,-155
20250118,2025,1,18,2025,BYU Cougars,Utah State Aggies,0,-0.9,2.5,-5.1,1.6,1.1,-0.8,-8.8,1.7,1.4,-1.5,-0.4,-3.6,0.5,-3.2,-2.2,-2.5,0,0,-0.2,7.6,0,-2,2,4.4,-30,176
20250119,2025,1,19,2025,Illinois Fighting Illini,Michigan State Spartans,0,3.8,3.8,6.5,1.2,-1,-0.1,-2.5,3.4,1.1,-3.8,-4.5,-2.7,4.2,-0.2,1,-11.4,0,0,-0.5,-2.7,-22,-5,6,-1.5,-10,3
20250119,2025,1,19,2025,Northwestern Wildcats,Michigan Wolverines,0,-4.9,-2.1,2.4,-5.5,-5.5,-1.8,-5.4,-9.1,-0.3,1.1,0.5,2.9,2.2,3,1.4,-2.7,0,0,0,-4.5,11,-6,6,-2.3,20,83
20250119,2025,1,19,2025,TCU Horned Frogs,Baylor Bears,1,1.5,-14,-3.4,-4.5,0.8,-3,1.7,-2.7,-5,-9.1,2.2,3.1,-4.7,3.7,-2.2,-3,0,0,-0.8,-10.6,-13,-2,2,-7,-3,-8
20250119,2025,1,19,2025,Nebraska Cornhuskers,Maryland Terrapins,0,-2.6,-5.3,3.9,-2.9,1.8,-4.7,3.8,-0.8,-4.3,-0.3,-2.5,2.2,2.8,-2.5,3.2,2.7,0,0,0.6,-9.2,3,-6,6,-6.1,-29,-164
20250121,2025,1,21,2025,Vanderbilt Commodores,Alabama Crimson Tide,0,-5.6,-7.4,4.2,-4.3,-2.7,-3.4,-8.1,-5.8,-2.3,2.8,1.1,3,7,0.8,-1.4,-4.6,0.1,0,-0.6,-11.6,-5,-3,3,-8.7,59,252
20250121,2025,1,21,2025,Mississippi State Bulldogs,Tennessee Volunteers,0,4,0.5,11.5,-0.5,-0.9,-1.2,-1.3,2.7,-3.3,-5,-2.2,3.6,8.3,-3.5,-1.2,-6.1,0,0,-0.7,-11,-7,-4,4,-6.1,-7,-42
20250121,2025,1,21,2025,Ohio State Buckeyes,Purdue Boilermakers,1,2.1,-6,-0.9,-2.9,-0.2,-1.3,-0.8,-3.8,-0.8,2.5,4.7,-6.2,-0.9,3,-0.4,-11.3,0,0,0.4,-5.1,-19,-4,4,-3.1,9,29
20250121,2025,1,21,2025,Wisconsin Badgers,UCLA Bruins,0,2.8,7.5,2.3,2,-1.8,-4.5,0.1,3.6,0.2,12.8,-4.3,-3.9,1,-2.7,4.1,-5.9,0,0,0.4,5.2,4,2,-2,1.6,-23,-107
20250121,2025,1,21,2025,Butler Bulldogs,UConn Huskies,0,3.6,-5.7,1.1,-2.5,-0.2,-7.4,7.7,-5.8,1.3,-3.9,-11,4.7,-5.5,2.2,1.5,-8.2,0,0,1.1,-6.8,-4,-8,8,-7.4,5,-9
20250121,2025,1,21,2025,Missouri Tigers,Texas Longhorns,0,0.9,9.5,-0.3,3.9,0.9,3.5,12.5,4.6,1.9,-2.4,-3.9,2.6,-1.3,5.7,2.7,1,0,0,-0.2,9.8,0,4,-4,0.5,20,78
20250121,2025,1,21,2025,Louisville Cardinals,SMU Mustangs,1,0,0.2,-5.7,-1.5,-1,-5.7,-1.5,3.6,-5.2,1.6,-2.3,3.3,0.6,-4.2,-0.8,-2.5,0,0,0.4,5.9,0,2,-2,2.6,-37,-133
20250121,2025,1,21,2025,Texas Tech Red Raiders,Cincinnati Bearcats,1,0.3,11.7,0.2,3.8,0.5,1.8,5.3,2.2,4.3,10.2,-3.8,-0.6,-0.1,-7.8,-0.7,8.1,0,0,0.5,11.5,-2,6,-6,5.4,20,43
20250122,2025,1,22,2025,Utah State Aggies,Houston Cougars,0,7,-3.9,16.8,3,1.1,-3.1,11,7.7,-3.7,-3.9,-6.3,9.4,2.8,3.6,3.3,15.4,0,0,-0.5,-20.7,-10,-2,2,-12.7,78,77
20250122,2025,1,22,2025,Kansas Jayhawks,TCU Horned Frogs,1,1.9,8.3,-5.2,5.6,-0.8,-2.3,-9.6,5.5,3.8,5.3,2.9,-8,-1.3,-1.8,-0.8,10.3,0,0,1.7,13.5,13,3,-3,8.4,-9,-28
20250122,2025,1,22,2025,Texas A&M Aggies,Ole Miss Rebels,1,-1.5,-2.2,-3,-4.2,5.5,16.7,4.7,-2.9,-4.3,-3.9,0.9,-4,0.8,6.2,3,-7.2,0,0,-0.5,0.8,4,0,0,1.9,-25,-77
20250122,2025,1,22,2025,Xavier Musketeers,St. John's Red Storm,0,-0.9,1,9.1,4,0.6,-12.5,6.4,-0.6,8.6,10.2,-8.6,5.5,-0.2,3.4,3.4,10.8,0,0,1.2,-8.1,1,-6,6,-3.7,-1,44
20250122,2025,1,22,2025,Indiana Hoosiers,Northwestern Wildcats,0,3.5,0.4,0.4,2,2.4,-0.6,3.1,4.2,-1.6,-1.9,-1.7,0.7,-1,-2.6,-0.4,2.7,0,0,0,0,-8,2,-2,-0.5,-10,-37
20250122,2025,1,22,2025,Boise State Broncos,Colorado State Rams,0,-0.3,1.3,-0.7,-2,-0.4,6.2,8.7,-0.1,-3.2,-0.7,-1.5,2,-2,1.9,2.2,-6.5,0,0,-0.3,2,8,1,-1,1.5,3,43
20250122,2025,1,22,2025,Kansas State Wildcats,Baylor Bears,0,2.1,-9.5,-1.4,-0.7,1.1,-5.2,-3.9,0,-1.2,-5.7,1.3,-0.9,-3.8,4.4,-1.2,6.2,0,0,-0.2,-8.1,-19,-3,3,-7,6,35
20250122,2025,1,22,2025,USC Trojans,Nebraska Cornhuskers,1,1.1,3.5,6.6,2.7,0.6,1,0.7,1,3.5,-1.2,-0.6,4,-1.1,5.6,0.2,3.6,0,0,-0.3,-3.1,-5,-2,2,-0.9,9,-1
20250122,2025,1,22,2025,Georgia Bulldogs,Arkansas Razorbacks,0,-2.4,3.7,1.6,0.2,2.8,9.4,4.7,0.2,0.2,-1.1,-0.6,-0.7,-1.3,2,3.1,-4.4,0,0,0.3,2.1,2,1,-1,0.9,11,54
20250123,2025,1,23,2025,Maryland Terrapins,Illinois Fighting Illini,1,-1.5,-3.4,-4,2.4,-1,-4.9,-1.9,-3.3,6,-0.4,2.6,2.2,-1.4,1.9,-2.8,-0.9,0,0,1.1,0.6,-5,4,-4,1,49,266
20250124,2025,1,24,2025,Villanova Wildcats,Marquette Golden Eagles,0,-4.4,1.4,8.9,3.1,2.2,-0.6,1.3,-3.3,7.4,8.6,-3.4,-1.7,2.7,-2.8,-0.4,-1.6,0,0,0.8,-7.5,-1,-4,5,-4,38,137
20250124,2025,1,24,2025,Michigan Wolverines,Purdue Boilermakers,0,4.4,-7,-3.5,-0.9,4,3.4,0.3,2.7,-4,-0.8,4.6,-9.4,1.2,-0.8,-2.2,-1.5,0,0,0.5,-3.5,-19,1,-1,-2.9,5,16
20250124,2025,1,24,2025,Penn State Nittany Lions,Iowa Hawkeyes,0,0,-3.4,-4.8,-2.7,3.4,3.7,11.6,-0.7,-4,5.3,0,-4.6,0.5,2.6,1,-2.7,0,0,0.7,1.4,-13,0,1,0.3,11,59
20250125,2025,1,25,2025,Tennessee Volunteers,Auburn Tigers,0,-4.7,-12.1,-5.9,-3.6,3.4,0.9,-1,-3.4,-2.5,-0.1,0,-0.7,-1.4,0.1,2,5,0,0,0.1,-6.2,-1,-3,3,-3.7,20,75
20250125,2025,1,25,2025,Georgia Bulldogs,Florida Gators,0,-2.7,-11.4,3.6,-1.9,4,-1.7,8.1,-1.4,-2.1,0.6,2.1,2.8,0.7,3.1,0.8,-3.7,0,0,-0.5,-15,0,-7,7,-6.8,16,94
20250125,2025,1,25,2025,Houston Cougars,Kansas Jayhawks,1,-7.6,9.5,-2.7,0.1,-1.6,6.9,3.2,-4.4,5.8,3.6,2.9,-2.3,1.5,-2.4,-2,-14.2,0,0,-1,12.2,-11,7,-7,6.7,4,23
20250125,2025,1,25,2025,Kentucky Wildcats,Vanderbilt Commodores,0,1.4,5.4,-1.2,3.9,0.7,-3.3,2.1,2,4.5,-1.1,0.3,2.3,-6.9,0.1,-3,6.9,0,0,0.7,6.6,0,0,0,6.2,-49,-215
20250125,2025,1,25,2025,Texas A&M Aggies,Texas Longhorns,0,-0.6,-0.8,-7.7,-5.3,3.9,11.7,5.7,-3.9,-5.2,-5.6,2.9,-0.7,-1.1,7.2,6.8,-0.7,0,0,0.1,6.9,3,4,-4,2.4,-48,-213
20250125,2025,1,25,2025,Ole Miss Rebels,Missouri Tigers,0,0,-8.1,-4.4,-5,-2.5,-8.4,-11.4,-5.6,-2.7,0.8,5.9,0.7,-0.6,-4.6,1.1,5.5,0,0,0.8,-3.7,-1,0,0,0,-43,-214
20250125,2025,1,25,2025,UConn Huskies,Xavier Musketeers,0,-4.9,7.5,5.8,2.2,0.7,9.7,-6,6.9,-3.4,-0.8,10.8,-4.9,4,1.2,-3,0.4,0,0,-1.8,1.7,4,1,-1,3.4,-16,-47
20250125,2025,1,25,2025,West Virginia Mountaineers,Kansas State Wildcats,0,-3.1,-1.4,-4.8,-1.3,-1.9,-4.8,-2.2,-0.6,-1.5,4.1,2.2,-2.4,-2.8,0.4,-1.1,-3.2,0,0,-0.4,3.4,-2,3,-3,2.3,-13,-28
20250125,2025,1,25,2025,Baylor Bears,Utah State Aggies,1,-2.8,0.1,-5.5,-4.1,0.5,1.5,-6.3,-6.1,-0.9,4.1,-1.7,-2.2,1.8,-3.1,1.7,-8.5,0,0,0.6,5.6,21,-6,6,4.6,-70,-64
20250125,2025,1,25,2025,Oklahoma Sooners,Arkansas Razorbacks,1,-0.5,6.6,6.8,2.5,1.6,0.3,4.5,0.8,3.6,6.2,-8.1,6.1,-1.2,1.2,4,-1.1,0,0,0.8,-0.2,3,0,0,-0.8,10,38
20250125,2025,1,25,2025,Cincinnati Bearcats,BYU Cougars,0,-1.8,-10.9,-4.7,-6,-1.9,-0.3,-5.2,-6.3,-4.3,-1.8,2,-1.4,-2.5,7,0.9,-8.9,0,0,0.3,-6.2,3,-5,5,-2.9,-22,-116
20250126,2025,1,26,2025,Northwestern Wildcats,Illinois Fighting Illini,0,-6.7,-6.9,0.7,-2,-1.3,-4.2,-3.4,-7.8,3.2,-2.5,1.3,4.2,1.4,3,-0.3,3.7,0,0,1.2,-7.6,4,-3,3,-4.5,12,39
20250126,2025,1,26,2025,Nebraska Cornhuskers,Wisconsin Badgers,0,-0.2,-10.8,0.3,-3.4,2.4,-1.4,2.4,-3.3,-2.9,-8.4,3.6,2.2,1,-1.4,-1.6,-0.8,0,0,0.2,-11.1,-4,-6,6,-5.5,11,94
20250126,2025,1,26,2025,Maryland Terrapins,Indiana Hoosiers,1,1.7,3.1,-5.1,2.4,-2.1,-0.1,-1.7,0.2,4.4,4.1,3.1,-2.8,-1.8,1.5,-2,-7.4,0,0,-0.1,8.2,-1,5,-5,6,47,264
20250127,2025,1,27,2025,Iowa State Cyclones,Arizona Wildcats,0,-1.4,-0.7,-1.9,2.1,0.2,-3.5,3.5,-0.2,4.2,-3,-2,-0.1,0.8,3.3,2.6,-4.8,0,0,0.1,1.2,0,2,-2,0.4,25,85
20250127,2025,1,27,2025,Penn State Nittany Lions,Michigan Wolverines,0,0.2,-2.4,6.2,-1.9,-2.6,-4.7,1.9,-3.1,-0.8,3.9,0.9,5,3.8,0.8,1.8,-0.1,0,0,0.2,-8.6,1,-7,7,-4.4,65,309
20250127,2025,1,27,2025,Iowa Hawkeyes,Ohio State Buckeyes,0,2.5,0,8.4,2.6,-1.8,-3.6,-8.5,4.1,0.1,-4.7,0.8,6.4,5.3,-5.7,-1,12.4,0,0,-0.4,-8.4,14,-2,1,-4.5,50,237
20250127,2025,1,27,2025,UCLA Bruins,USC Trojans,1,-3.7,-0.2,-9.2,-1.3,-1.2,4.9,-3.1,-1.4,-0.7,-3.1,1.4,-2.3,-0.8,-1.5,-2.6,3.1,0,0,-0.3,9,5,6,-6,4.8,3,14
20250128,2025,1,28,2025,Kentucky Wildcats,Tennessee Volunteers,1,6.9,6.7,13.7,3.7,-1.2,-6.6,2.1,3.3,2.8,-0.8,-5.1,8,2.3,-1.1,-1.7,-2.7,0,0,0.2,-7,-9,-4,4,-2.7,-11,-48
20250128,2025,1,28,2025,Marquette Golden Eagles,Butler Bulldogs,1,-0.3,1.6,-9.5,-1,-3.4,3.4,-13.5,2.8,-3.8,-1.3,4.2,1.4,0.7,-3.4,-1.5,-5.4,0.1,0,-0.8,11.1,1,9,-9,7.6,-18,-37
20250128,2025,1,28,2025,Oklahoma Sooners,Texas A&M Aggies,0,1.9,2.5,8.8,7.2,-0.3,-14.4,-1.8,6.1,6,9.7,-7.3,8.4,-3.1,-3.8,-3.7,4.2,0,0,-0.7,-6.3,-2,-3,3,-4.7,46,174
20250128,2025,1,28,2025,Baylor Bears,BYU Cougars,0,-1.9,-2.4,-0.4,-5.7,-0.5,2.3,2.6,-7.8,-2.2,5.6,-1.3,1.4,1.2,0.1,3.9,-6,0,0,0.8,-2,21,-4,4,0.2,-40,-240
20250128,2025,1,28,2025,North Carolina Tar Heels,Pittsburgh Panthers,0,4.6,2,-1.1,1.7,0.5,1,1.3,2.9,-0.3,-4.7,-3.2,-0.8,-1.4,3.4,2.3,-0.7,0,0,-0.5,3.1,-3,4,-3,3.8,-14,-27
20250128,2025,1,28,2025,Cincinnati Bearcats,Utah State Aggies,0,-2.7,-8.4,-9.8,-4.4,-0.8,-1.2,-14.1,-4.6,-2.9,-3.4,1.6,-5,-2,3.8,-1.3,-11.3,0,0,0,1.4,3,-7,7,1.5,-52,60
20250129,2025,1,29,2025,Alabama Crimson Tide,Mississippi State Bulldogs,1,7.1,8.2,-0.8,4.6,1.7,1.3,9.4,4.4,3.8,2.5,-4.3,-1,-6.1,1.5,4,1.2,-0.1,0,0.7,9,3,3,-3,5.9,-14,-43
20250129,2025,1,29,2025,Houston Cougars,West Virginia Mountaineers,1,-3.2,14.7,-5.1,3.2,-0.9,11.6,1.4,-1,7.2,1.3,4.5,-3.9,2,-5.2,-2.8,-9.9,0,0,0.5,19.8,10,8,-8,12.8,-1,-20
20250129,2025,1,29,2025,Wisconsin Badgers,Maryland Terrapins,0,-2.4,5.5,3.6,0.4,-0.6,-3.3,1.4,2.5,-1.4,8.1,-6.1,0,1.8,-1.1,4.8,3.5,0,0,0.5,1.9,7,0,0,-0.6,-40,-258
20250129,2025,1,29,2025,TCU Horned Frogs,Texas Tech Red Raiders,0,1.1,-17.2,0.7,-8.1,1.6,-2.1,4.2,-6.5,-7.2,-11.9,2.8,6.5,-0.9,4.6,1.5,-8.2,0,0,-0.7,-17.9,7,-7,7,-9.3,-41,-175
20250129,2025,1,29,2025,Texas Longhorns,Ole Miss Rebels,0,-0.9,-1.4,4.7,1,1.6,5,-1,1,0.8,1.7,-2,-3.3,1.9,-1,-3.8,-6.6,0,0,-0.6,-6.1,1,-4,4,-0.5,23,136
20250129,2025,1,29,2025,Xavier Musketeers,Creighton Bluejays,0,1.2,-1.2,0.3,-1.8,-1.8,-1,8.7,-9.5,5.2,5.2,-3.8,4.8,0.6,-0.3,1,1,0.1,0,0.9,-1.5,-12,-1,1,-2.2,30,89
20250130,2025,1,30,2025,Oregon Ducks,UCLA Bruins,0,3.2,1.3,3.2,-0.6,-0.1,-1.7,-0.5,-0.5,-0.5,5.8,0.1,-0.5,-0.3,-1.1,2.3,-5.3,0,0,0.5,-1.9,9,1,-1,-1.3,-35,-142
20250130,2025,1,30,2025,Illinois Fighting Illini,Nebraska Cornhuskers,0,4.1,8.7,0.1,0.6,-0.8,9.6,-1.8,4.1,-1.7,0.7,-0.1,-4.3,-1.4,0.6,-0.4,-1.8,0,0,-1.7,8.6,2,2,-2,5.1,-20,-102
20250130,2025,1,30,2025,Ohio State Buckeyes,Penn State Nittany Lions,1,-2.5,3.4,-3.6,0,-1.6,-0.1,-3,-3.4,3.9,-0.6,-0.8,-1.8,-5.8,3.1,0,-9.7,0,0,-0.3,7,-1,2,-2,4.2,-61,-296
20250131,2025,1,31,2025,Indiana Hoosiers,Purdue Boilermakers,0,3,-8.7,-0.7,-4.4,0.8,1,-1.9,-2.1,-5.9,-1.6,3.4,-5.8,2.4,-0.4,-1.2,-1.5,0,0,0.5,-8,-16,-3,3,-5.7,15,62
20250201,2025,2,1,2025,Auburn Tigers,Ole Miss Rebels,1,0.3,12.6,-2.9,4.2,0.3,10.3,-2.4,4.9,2.1,1.3,3.3,-4.4,-3,2.3,-3.9,-0.8,0,0,-0.7,15.5,9,6,-6,9.2,-29,-85
20250201,2025,2,1,2025,North Carolina Tar Heels,Duke Blue Devils,0,4.8,-9.7,12.2,-3.4,1.1,-5.6,3.4,-1.9,-4,-4.7,-0.3,6,3.7,4.5,0.3,-9.3,0,0,0.3,-21.9,1,-7,8,-10.9,-17,-9
20250201,2025,2,1,2025,Kansas State Wildcats,Iowa State Cyclones,1,-1.4,-7.9,6.3,-2.9,0.6,-3.1,-11.9,-3.4,-1.3,-6.5,-0.4,2.6,-1,-0.3,1.3,5.2,0,0,-0.3,-14.2,-1,-7,7,-9.6,-9,-27
20250201,2025,2,1,2025,Georgia Bulldogs,Alabama Crimson Tide,0,-8.2,-11.8,-1.3,-4.1,1.9,0.2,-1.7,-6.1,-1.9,-0.2,4.3,0.1,-0.3,2.8,-2.5,-5.5,0,0,-1.1,-10.5,-3,-4,4,-6.4,52,208
20250201,2025,2,1,2025,Florida Gators,Tennessee Volunteers,0,5.6,8.3,5.8,1.9,-1.3,2,-1.7,2.5,0.8,-3.3,-4.3,-0.1,1.3,-2.3,-0.6,-6.7,0,0,-0.5,2.5,-7,2,-2,0.2,15,29
20250201,2025,2,1,2025,Texas Tech Red Raiders,Houston Cougars,1,4.6,-0.6,7.2,2.4,0.8,-2.5,2.2,5.4,-2.4,3,-8.6,3.8,0.8,-0.4,1.4,12.1,0,0,0,-7.8,-9,-3,3,-5.8,46,180
20250201,2025,2,1,2025,Michigan State Spartans,USC Trojans,0,-0.8,1.4,-13,-3.3,-0.4,8.7,0,-0.4,-6.3,5.7,5,-5.7,-4.5,-4.8,-1.6,6.1,0,0,-0.9,14.4,29,9,-10,7.5,-19,-104
20250201,2025,2,1,2025,UConn Huskies,Marquette Golden Eagles,1,-3.3,4.1,8.4,3.5,3.6,4,5.8,3,2.5,5.3,6.8,-6.1,4.8,1.2,0,13.6,-0.1,0,-0.3,-4.3,3,-1,1,-0.2,13,46
20250201,2025,2,1,2025,Kansas Jayhawks,Baylor Bears,0,3.4,-5.7,-8.6,1.1,0,-5.2,-7.9,2.7,-1.2,-3.8,5.1,-4.9,-6,2,-3,7.3,0,0,0.9,2.9,0,1,-1,1.4,-12,-36
20250201,2025,2,1,2025,Arkansas Razorbacks,Kentucky Wildcats,1,-1.6,-13.5,-5.9,-3.9,1.1,-2.5,-0.4,-2.5,-4.3,-0.9,3.5,-4.6,1,-0.1,-1.1,-3.4,0,0,-1.6,-7.6,0,-2,2,-4.8,31,117
20250201,2025,2,1,2025,Missouri Tigers,Mississippi State Bulldogs,1,0.4,7.1,1.7,4.8,-0.3,-1.5,16.1,1.4,6.4,3.1,-7,0.9,-3.3,5.7,2,-3.6,0,0,0.4,5.4,0,1,-1,0.6,59,266
20250201,2025,2,1,2025,Wisconsin Badgers,Northwestern Wildcats,1,2.8,9,-1.1,4.9,-0.2,-4,2.9,7,1.5,10.3,-4.7,-2.1,-1,-2.2,2.4,-1.2,0,0,0.3,10.1,-2,7,-7,4.9,-3,-31
20250201,2025,2,1,2025,Vanderbilt Commodores,Oklahoma Sooners,0,0.7,1.5,0.3,-2.5,-3.5,5.5,-6.2,-0.4,-3.8,-4.3,4.3,-3.8,7.1,-1.2,0.1,-2.4,0,0,0.1,1.2,-3,2,-2,-0.6,8,60
20250201,2025,2,1,2025,Creighton Bluejays,Villanova Wildcats,1,4.8,-3.6,-6.6,-0.1,2.6,-4.2,1.9,8.8,-6.8,-7.7,3.2,-4.2,-2.5,3,2.4,13.9,0,0,-0.2,3,12,3,-4,2.6,-39,-133
20250201,2025,2,1,2025,New Mexico Lobos,Utah State Aggies,1,5.1,-7.3,-9.7,-4.9,0.1,-2.1,0,-6.4,-1.8,-1.1,4.5,-5.4,0.8,-6.8,0,-10.4,0,0,0.3,2.4,3,0,0,-0.2,-3,-65
20250201,2025,2,1,2025,Gonzaga Bulldogs,Saint Mary's Gaels,0,8.3,8,4.3,5.2,-1.2,-6.9,-0.3,6.8,1.4,10.4,-2.1,3.3,-1.6,-2,0.9,3.8,0,0,1.3,3.7,2,-4,4,4,-13,-22
20250202,2025,2,2,2025,Nebraska Cornhuskers,Oregon Ducks,1,-0.6,-4.6,-0.6,-0.8,0.7,-4.3,2.9,0.8,-2.2,-1.5,-0.9,-1.3,2.3,-3,0.1,-1.4,0,0,0.1,-4,-9,-5,5,-2.6,23,129
20250202,2025,2,2,2025,Ohio State Buckeyes,Illinois Fighting Illini,0,-4.1,-3.8,0.9,1.6,0,-7.1,0.9,-5.2,6.7,-0.4,0.9,4.5,-2.8,3.9,0,-3.4,0,0,1.1,-4.7,-7,-2,2,-2.4,-4,-31
20250202,2025,2,2,2025,West Virginia Mountaineers,Cincinnati Bearcats,1,-1.1,-2.4,-1.9,-1.8,0.6,-7.4,1.7,-2.1,-0.6,5.9,0.2,-0.5,-2.8,-2.1,0.7,5.9,0,0,-0.1,-0.5,-3,1,-1,-1.6,-25,-117
20250203,2025,2,3,2025,Iowa State Cyclones,Kansas Jayhawks,0,0.1,4.1,0.9,1.1,0.5,3.2,15.8,0.6,1.4,4.6,-3.4,1.3,3.3,2.7,0.5,-6.4,0,0,-0.8,3.2,-18,3,-3,1.2,27,98
20250204,2025,2,4,2025,Oklahoma Sooners,Auburn Tigers,0,0.1,-12.3,8.7,-1.3,5,-8,5.3,-1.7,-0.4,4.4,-9.7,8.8,0.6,0.1,3.2,-2.2,0,0,-0.5,-21,-7,-9,9,-12,50,182
20250204,2025,2,4,2025,Vanderbilt Commodores,Florida Gators,0,-0.1,-7,9.1,-2.1,-0.6,-5.3,1.7,-1.1,-2.5,3.6,-1.1,5.8,7.9,1.2,1.9,-2.9,0,0,0,-16.1,-2,-6,6,-9.1,23,138
20250204,2025,2,4,2025,Purdue Boilermakers,Iowa Hawkeyes,1,-4.6,6,-7.5,0.2,2,5,9.3,-0.3,0.7,2.2,-5.5,-0.2,-4.4,2.7,1.4,-1,0,0,0,13.5,5,6,-5,7.6,-59,-266
20250204,2025,2,4,2025,Michigan State Spartans,UCLA Bruins,0,2.9,1.6,-3.8,-2,0.8,3.8,3.1,1,-5.5,8.8,3.6,-3.4,-3.7,-3.4,1,3,0,0,-0.6,5.4,24,3,-4,2.7,-22,-118
20250204,2025,2,4,2025,Marquette Golden Eagles,St. John's Red Storm,0,-2.5,4.4,6.5,2.7,-2.3,-6.8,-5.5,3.4,2.7,4.2,-4.7,6.7,-1,3.5,0.5,-2.5,0,0,-0.3,-2.1,2,-4,4,-0.1,-30,-49
20250204,2025,2,4,2025,Baylor Bears,Texas Tech Red Raiders,0,-0.4,-3.2,4.1,-3.6,0.8,0.9,2.5,-3.7,-2.2,-2.7,0.6,3.4,3.8,0.9,3.7,-5.2,0,0,0,-7.3,20,-5,5,-2.3,-38,-167
20250204,2025,2,4,2025,Kentucky Wildcats,Ole Miss Rebels,0,2.5,7.2,4.9,4.3,2.5,4.5,-1.3,4.8,2.4,0.4,-1.8,2.8,-2.2,1.3,-3.6,1.5,0,0,-0.4,2.3,-1,-1,1,2.8,-20,-58
20250204,2025,2,4,2025,Arizona Wildcats,BYU Cougars,1,3,-3.3,-6.2,-5.7,-0.3,3.7,7,-4.2,-6.2,9.5,2.4,-2.1,-2.3,1.4,-1.2,-0.3,0,0,0.8,2.9,3,-2,2,2.4,-50,-263
20250204,2025,2,4,2025,Indiana Hoosiers,Wisconsin Badgers,0,0.7,-8.6,1.5,-2.8,2.6,3.4,0.3,-2.7,-3,-12.2,3,2.8,0,-0.4,-2.8,3.9,0,0,-0.4,-10.1,-6,-5,5,-5.4,-7,-6
20250204,2025,2,4,2025,USC Trojans,Northwestern Wildcats,0,3.7,1.7,5.8,4.1,2.7,-4.4,5.9,4.7,2,0.6,-1.7,4.1,-1.2,2,0.9,1.6,0,0,0.2,-4.1,-11,-1,1,-1.5,17,62
20250205,2025,2,5,2025,Missouri Tigers,Tennessee Volunteers,0,4.4,7.6,13.2,4.3,-1.1,-2.7,14.8,4.1,3.1,-2,-9.2,4.5,5,2.3,0.8,-9.7,0,0,-0.3,-5.6,-7,-3,3,-5.5,52,224
20250205,2025,2,5,2025,Oregon Ducks,Michigan Wolverines,0,-1.7,0.7,2.2,-3.3,-4.1,-2.9,-3.1,-6.2,0.4,4.5,0.3,4.3,-0.1,2.4,2.1,-3.3,0,0,0.5,-1.5,14,0,0,-0.3,5,17
20250205,2025,2,5,2025,West Virginia Mountaineers,TCU Horned Frogs,0,-2.5,3.1,-2.8,2.4,-1.5,-7,-7.8,2.1,2.4,7.6,1.3,-6.4,-1.9,1.1,-0.1,6,0,0,0.2,5.9,-8,2,-2,2.3,-4,15
20250205,2025,2,5,2025,Arkansas Razorbacks,Texas Longhorns,1,1.8,-4.9,-5.7,-0.6,2,-3,-0.6,1.4,-2.7,-2.1,3.6,1.5,-3,2.2,-1,4.7,0,0,-1.3,0.8,-2,1,-1,-1.5,-12,-77
20250205,2025,2,5,2025,Colorado State Rams,New Mexico Lobos,0,-7.1,1.7,4.4,3.6,1.6,-4.6,-7.7,5.2,1,9.2,-6.1,-0.6,0.2,1.2,-1.3,12.3,0,0,0,-2.7,3,-3,3,-1.3,5,25
20250206,2025,2,6,2025,Maryland Terrapins,Ohio State Buckeyes,0,2.6,0.4,-4.9,0.8,-1,2.3,-2.8,1.8,-0.6,0,1.7,-2.3,1.5,-2,-2.9,2.4,0,0,0,5.3,2,6,-6,3.4,53,297
20250207,2025,2,7,2025,USC Trojans,Purdue Boilermakers,0,3.2,-7.4,4.7,-2.3,1.2,-2.8,0.8,-1.7,-2.3,1,3.3,-2.3,2.2,4.1,0.2,-2.6,0,0,0.8,-12.1,-19,-6,6,-6.7,42,161
20250207,2025,2,7,2025,St. John's Red Storm,UConn Huskies,1,5.8,-8.5,-14.9,-6.2,-1.3,2.8,-0.3,-6.3,-5.2,-9.4,-2.2,-0.6,-3.8,-4.7,-0.5,-11.2,0,0,0.6,6.4,-5,5,-5,0.3,17,3
20250208,2025,2,8,2025,Florida Gators,Auburn Tigers,1,0.9,-3.8,-0.1,-1.7,2,2.8,-2.7,-0.9,-1.7,-3.5,-4.4,-0.8,-0.2,-2.2,1.4,-1.7,0,0,-0.4,-3.7,-8,-1,1,-3.5,35,104
20250208,2025,2,8,2025,Duke Blue Devils,Clemson Tigers,0,2,7.9,-6.6,3.2,-1.3,1.9,4.3,5,0.2,1.2,-0.4,-6,-2.3,2.3,2.1,5.3,0,0,-1.1,14.5,-12,2,-2,8.7,-10,-19
20250208,2025,2,8,2025,Alabama Crimson Tide,Arkansas Razorbacks,1,5.8,15.5,2.9,4.3,0.9,9.3,6.4,6.3,2,-0.9,-4.9,-0.8,-1,-0.8,5.6,1.1,0,0,1.5,12.6,5,5,-5,7.3,-41,-154
20250208,2025,2,8,2025,Tennessee Volunteers,Oklahoma Sooners,1,-4.8,0.2,-14.6,-2.3,-1.6,8.9,-6.2,-1.7,-2.1,-4.6,9.7,-9.5,-2.1,0,-1.2,7.2,0,0,0.6,14.8,6,6,-6,8.3,-30,-107
20250208,2025,2,8,2025,TCU Horned Frogs,Iowa State Cyclones,0,-2,-12.4,4.3,-6.6,0.3,-0.9,-6.2,-6.1,-5.1,-9.9,0.5,6.7,-1.9,-1,0.3,-3.9,0,0,-0.9,-16.7,5,-6,6,-9.6,-18,-70
20250208,2025,2,8,2025,Oregon Ducks,Michigan State Spartans,0,0.3,-0.3,7,1.4,-0.9,-5.4,-3.6,-1.4,5,-3,-3.5,2.9,3.4,2.2,1.4,-8.3,0,0,1.1,-7.3,-15,-2,3,-4,-13,-24
20250208,2025,2,8,2025,Texas A&M Aggies,Missouri Tigers,1,-1.5,-10.3,-7.4,-9.2,3,8.3,-6.8,-8.4,-7,-3.1,6.8,-3.3,0.2,1.5,4.1,-1.7,0,0,0.3,-2.9,3,0,0,1.9,-68,-291
20250208,2025,2,8,2025,Marquette Golden Eagles,Creighton Bluejays,0,-0.4,2.2,-2.3,-3.1,-4.8,4.7,-3.2,-5.6,-0.6,-0.9,0.2,6,-0.2,-0.3,-2,-12.3,0.1,0,-0.6,4.5,-11,1,-1,1.4,1,-4
20250208,2025,2,8,2025,Texas Tech Red Raiders,Arizona Wildcats,0,-4.5,4.1,1.7,3.5,-1.1,-2.3,-6.9,0.2,6.2,-1.1,-4.3,0.1,-0.2,-2.2,1.4,-0.6,0,0,0,2.4,-2,3,-3,0.1,48,190
20250208,2025,2,8,2025,Kansas Jayhawks,Kansas State Wildcats,0,1.3,3.8,-7.2,1.8,-1.1,0,-4,2.8,-0.1,1.9,3.8,-4,-2.3,-2.4,-1.8,1.1,0,0,1.1,11,19,4,-4,8.4,-18,-71
20250208,2025,2,8,2025,Wisconsin Badgers,Iowa Hawkeyes,1,-2.3,5.9,-9.7,-1.4,0.3,2.6,7.1,0.3,-2.2,12.8,-5.1,-8.8,-2.1,2.6,3,-6.4,0,0,0.9,15.6,-5,8,-7,7.3,-37,-198
20250208,2025,2,8,2025,Mississippi State Bulldogs,Georgia Bulldogs,1,1.1,3.6,2.1,-0.5,-3.6,-1.4,-7.7,1.7,-2,-2.3,0.1,0.9,6.3,-4.2,-1.5,4.3,0,0,0.4,1.5,0,1,-1,0.5,-38,-165
20250208,2025,2,8,2025,Michigan Wolverines,Indiana Hoosiers,1,1.4,1.7,-2.8,3.5,3.2,2.4,2.3,4.8,1.9,0.8,1.2,-3.6,-1.2,-0.4,-1,0,0,0,0,4.5,-3,4,-4,2.8,-10,-46
20250208,2025,2,8,2025,Texas Longhorns,Vanderbilt Commodores,0,-2,-3.2,-1.4,0.6,-0.1,-2.9,2.4,-1.8,2.9,0.2,0.2,-3.8,-2.9,-2.3,-3.2,-1.1,0,0,0.5,-1.8,2,-3,3,2.9,-6,-21
20250208,2025,2,8,2025,Pittsburgh Panthers,North Carolina Tar Heels,0,-4.6,-2,1.1,-1.7,-0.5,-1,-1.3,-2.9,0.3,4.7,3.2,0.8,1.4,-3.4,-2.3,0.7,0,0,0.5,-3.1,3,-4,3,-3.8,14,27
20250208,2025,2,8,2025,Penn State Nittany Lions,UCLA Bruins,0,5.1,-1.8,7.2,0.7,1.4,-3.4,4.5,2.6,-1.7,5.3,0.8,0.2,3.5,-2.7,2.1,-2.1,0,0,0.3,-9,-4,-6,6,-5.4,25,150
20250208,2025,2,8,2025,Utah State Aggies,West Virginia Mountaineers,0,3.8,10.8,11.7,6.2,0.2,8.5,12.4,6.7,3.5,-2.5,-1.8,5.5,4.8,-1.7,0.6,5.4,0,0,0,-0.9,0,6,-6,0.1,77,57
20250208,2025,2,8,2025,BYU Cougars,Cincinnati Bearcats,0,1.8,10.9,4.7,6,1.9,0.3,5.2,6.3,4.3,1.8,-2,1.4,2.5,-7,-0.9,8.9,0,0,-0.3,6.2,-3,5,-5,2.9,22,116
20250208,2025,2,8,2025,San Diego State Aztecs,Colorado State Rams,0,-0.1,-4.8,-7.2,-4.4,-0.6,3.5,1.6,-5.1,-2.4,-10.6,9.9,-2.6,-5,3,-0.2,-14.2,0,0,-0.9,2.4,1,-1,-1,0.8,-11,-58
20250209,2025,2,9,2025,Xavier Musketeers,Villanova Wildcats,0,6,-4.8,-6.3,-1.8,0.8,-5.1,10.5,-0.7,-1.5,-2.6,-0.5,0.5,-1.9,2.7,3.4,14.9,0,0,0.7,1.5,0,2,-3,0.4,-9,-44
20250209,2025,2,9,2025,Ohio State Buckeyes,Nebraska Cornhuskers,0,0,4.9,1,2.1,-0.8,2.4,-1,-1.1,5,0.3,0.8,0.1,-4.2,4.5,-0.3,-5.1,0,0,-0.6,3.9,-5,0,0,2.7,-24,-133
20250210,2025,2,10,2025,Baylor Bears,Houston Cougars,0,4.2,-3.8,11.3,-1.2,1.7,-1.6,4.7,1.6,-4.6,0.2,-8,7.2,4.5,0.5,5,6.9,0,0,0.1,-15.1,11,-8,8,-8.1,8,13
20250210,2025,2,10,2025,North Carolina Tar Heels,Clemson Tigers,0,6.8,-1.8,5.6,-0.2,-0.3,-3.7,7.6,3.1,-3.8,-3.5,-0.7,0,1.5,6.9,2.3,-4,0,0,-0.8,-7.4,-11,-5,6,-2.2,-27,-28
20250211,2025,2,11,2025,Auburn Tigers,Vanderbilt Commodores,1,-0.8,10.8,-9,3.8,-1.5,2.5,1,2.1,4.2,-0.1,5.4,-4.9,-7.8,1,-3.3,4.6,0,0,0.4,19.8,10,7,-7,12.6,-58,-242
20250211,2025,2,11,2025,Alabama Crimson Tide,Texas Longhorns,1,7.6,10.6,-2.8,3.7,2.8,6.3,5.8,7.6,-0.7,-3,-1.2,0.7,-4.1,1.4,4.6,5.8,0,0,0.1,13.4,3,6,-6,5.8,-53,-231
20250211,2025,2,11,2025,Florida Gators,Mississippi State Bulldogs,1,1.6,7.8,-5.7,2.4,-0.5,3.2,-0.4,-0.2,4.1,1.7,-2.2,-3.7,-7,1.1,0.6,-0.6,0,0,0.1,13.5,0,6,-6,6.3,22,71
20250211,2025,2,11,2025,Tennessee Volunteers,Kentucky Wildcats,0,-6.9,-6.7,-13.7,-3.7,1.2,6.6,-2.1,-3.3,-2.8,0.8,5.1,-8,-2.3,1.1,1.7,2.7,0,0,-0.2,7,9,4,-4,2.7,11,48
20250211,2025,2,11,2025,Purdue Boilermakers,Michigan Wolverines,0,-4.4,7,3.5,0.9,-4,-3.4,-0.3,-2.7,4,0.8,-4.6,9.4,-1.2,0.8,2.2,1.5,0,0,-0.5,3.5,19,-1,1,2.9,-5,-16
20250211,2025,2,11,2025,Georgia Bulldogs,Texas A&M Aggies,0,0,-0.4,3.6,4.9,0.9,-5.3,-1.6,5.4,2.6,2.3,0.2,1.6,-3.3,-3,-4.7,0.9,0,0,-1.1,-4,-3,-2,2,-3,47,190
20250211,2025,2,11,2025,Indiana Hoosiers,Michigan State Spartans,1,0.6,-2.7,7.6,1.2,0,-4.9,-2.8,-0.1,2.7,-8.2,-5,2.2,4.7,0.3,0.3,-4.9,0,0,0.6,-10.3,-26,-6,7,-6.5,-8,5
20250211,2025,2,11,2025,Arizona Wildcats,Kansas State Wildcats,0,2.8,8.6,-4.4,0.8,-0.8,6.6,8.3,3.6,-2.8,9.5,2.4,-2.5,0.2,-3,-3.9,-0.5,0,0,0.2,13,1,5,-5,9.2,-16,-58
20250211,2025,2,11,2025,UConn Huskies,Creighton Bluejays,1,-3.7,6.3,6.1,0.4,-1.2,8.7,2.6,-2.6,1.9,4.4,7,-0.1,4.6,0.9,-2,1.4,0,0,-0.9,0.2,-8,0,0,1.2,14,42
20250211,2025,2,11,2025,Utah State Aggies,Cincinnati Bearcats,0,2.7,8.4,9.8,4.4,0.8,1.2,14.1,4.6,2.9,3.4,-1.6,5,2,-3.8,1.3,11.3,0,0,0,-1.4,-3,7,-7,-1.5,52,-60
20250211,2025,2,11,2025,BYU Cougars,West Virginia Mountaineers,1,2.9,13.3,6.6,7.8,1.3,7.7,3.6,8.4,4.8,-4.1,-2.2,1.9,5.3,-4.9,-1.6,3,0,0,-0.2,6.7,0,4,-4,4.5,47,233
20250211,2025,2,11,2025,UCLA Bruins,Illinois Fighting Illini,0,-6.7,-5.4,-2.7,0.8,0.2,-3.6,-0.6,-4.4,4.4,-5,0.9,6.1,-0.5,3.5,-2,8.4,0.1,0,1.2,-2.7,-2,2,-2,-1.2,32,115
20250211,2025,2,11,2025,Pittsburgh Panthers,SMU Mustangs,0,-2.8,-1.5,1,-2.6,-2.7,-9.1,-2.1,-1,-3.5,5.3,2.7,3.7,2.5,-2.2,-2.3,-4.7,0,0,0,-2.5,6,-6,6,-0.8,-32,-122
20250211,2025,2,11,2025,Penn State Nittany Lions,USC Trojans,0,1.4,-2,-2,-0.5,0.2,1.5,1.4,1.3,-2.4,2.2,2.2,-2.1,2.7,-4.2,-0.6,1,0,0,0,0,1,0,0,-0.6,28,164
20250211,2025,2,11,2025,Colorado State Rams,Utah State Aggies,0,-2,-5.6,-5.3,-1.3,1.6,-6.7,-7.7,-1.2,-0.8,8.2,-1.6,-6,1,-5.6,-1.3,1.9,-0.1,0,0.2,-0.3,6,-3,3,-1.5,2,-40
20250211,2025,2,11,2025,Northwestern Wildcats,Oregon Ducks,0,-3.2,-2.8,0.2,-2.3,-1.4,1.1,-2.3,-2.9,-0.8,-3.3,0.2,-1.3,2.3,0.6,-0.6,0.6,0,0,-0.4,-3,-3,-6,6,-2,15,66
20250212,2025,2,12,2025,St. John's Red Storm,Villanova Wildcats,0,6.9,-5.8,-15.4,-5.9,0.1,7.4,4.2,-0.1,-10.1,-12.8,8.1,-5,-1.6,-0.7,-0.1,4.1,0,0,-0.5,9.6,-1,8,-9,4.1,-8,-88
20250212,2025,2,12,2025,Oklahoma Sooners,Missouri Tigers,0,0.4,-7.8,1.4,-2,2.7,-6.1,-8.6,-2.4,-1,6.5,-0.5,5,-3,-2.3,0.4,2.5,0,0,-0.3,-9.2,1,-3,3,-2.8,-22,-117
20250213,2025,2,13,2025,Maryland Terrapins,Nebraska Cornhuskers,1,2.6,5.3,-3.9,2.9,-1.8,4.7,-3.8,0.8,4.3,0.3,2.5,-2.2,-2.8,2.5,-3.2,-2.7,0,0,-0.6,9.2,-3,6,-6,6.1,29,164
20250214,2025,2,14,2025,UCLA Bruins,Indiana Hoosiers,1,-3.5,1.1,-3.8,0.8,-0.8,1.1,-0.4,-0.9,2.8,-0.6,1.4,1.1,-1,3.1,-1.3,2,0,0,0,4.9,2,3,-3,3.8,30,113
20250215,2025,2,15,2025,Auburn Tigers,Alabama Crimson Tide,1,-6.4,3.4,-4.8,-0.5,-4.2,-1,-7.1,-3.7,2,2.7,6.5,-1.9,-0.8,1.9,-4.7,-0.1,0,0,-0.2,8.2,5,4,-4,3.9,1,10
20250215,2025,2,15,2025,Vanderbilt Commodores,Tennessee Volunteers,0,5.5,1.3,14.9,-0.2,-1.9,-3.3,0,1.3,-1.7,0.2,-5.4,5.7,9.2,-1.1,1.3,-9.6,0,0,-0.5,-13.6,-9,-4,4,-8.9,38,167
20250215,2025,2,15,2025,Houston Cougars,Arizona Wildcats,1,-9.1,4.7,-5.5,1.1,-2,0.2,-9.1,-5.2,8.6,-4.1,4.3,-3.7,-0.9,-1.8,0,-12.6,0,0,-0.1,10.2,7,6,-6,5.9,2,10
20250215,2025,2,15,2025,Wisconsin Badgers,Purdue Boilermakers,1,2.3,-0.1,-2.2,-1.6,-1.8,-2.4,-2.2,0.6,-2.9,10.6,0.4,-8.6,2.3,0,1.6,-5.4,0,0,0.9,2.1,-10,2,-2,-0.3,22,68
20250215,2025,2,15,2025,Arkansas Razorbacks,Texas A&M Aggies,0,2.4,-4.1,2,4.7,-1.9,-14.7,-6.3,5.2,2.4,3.4,0.7,2.3,-2,-5,-7.7,5.3,0,0,-1.4,-6.1,-5,-3,3,-3.9,36,136
20250215,2025,2,15,2025,Cincinnati Bearcats,Iowa State Cyclones,0,-3.4,-6.9,3.4,-2.4,-1.8,-0.6,-15.7,-1.9,-2.2,-8.3,1.6,0.8,-1,2.3,-0.5,-3.8,0,0,-0.6,-10.3,0,-5,5,-5.7,3,62
20250215,2025,2,15,2025,Michigan State Spartans,Illinois Fighting Illini,1,-3.8,-3.8,-6.5,-1.2,1,0.1,2.5,-3.4,-1.1,3.8,4.5,2.7,-4.2,0.2,-1,11.4,0,0,0.5,2.7,22,5,-6,1.5,10,-3
20250215,2025,2,15,2025,Kentucky Wildcats,Texas Longhorns,0,3.4,8.6,0.2,3.3,0.8,-0.5,-0.3,3.8,1.5,-1.3,0.1,6.1,-4,2.3,0.1,8,0,0,0.2,8.4,-2,3,-3,3.3,-43,-194
20250215,2025,2,15,2025,Kansas Jayhawks,Utah State Aggies,0,0.6,-5.6,-14.1,-3,0.5,-3.8,-14.2,-3.4,-2.1,0.3,3.4,-7.1,-4.3,-1.2,-1.3,-1.2,0,0,1.5,8.5,21,-5,5,6,-82,-100
20250215,2025,2,15,2025,Mississippi State Bulldogs,Ole Miss Rebels,1,-0.4,1,2.7,0.1,2.8,10,-4.7,4.2,-3.7,-3.8,1.1,-1.6,3.9,-1.1,-3.1,-2,0,0,-1.2,-1.7,1,-1,1,-0.6,-16,-52
20250215,2025,2,15,2025,Missouri Tigers,Georgia Bulldogs,1,1.5,10.7,3.8,4.3,-3.8,-3,8.4,3,4.4,0.8,-7,1.7,3.1,1.5,0.6,0.7,0,0,0.8,6.9,0,2,-2,1.1,21,101
20250215,2025,2,15,2025,West Virginia Mountaineers,Baylor Bears,0,-1,-10.9,-6.2,-2.1,-0.8,-10,-6.1,-0.6,-2.6,-1.5,3.5,-3.3,-6.6,4.8,-2.3,3,0,0,-0.6,-4.7,-21,0,0,-4.7,-7,7
20250215,2025,2,15,2025,Kansas State Wildcats,BYU Cougars,0,0.2,-11.9,-1.8,-6.5,0.6,-2.9,-1.4,-7.8,-3.4,0,0,0.5,-2.5,4.4,2.7,0.2,0,0,0.6,-10.1,2,-7,7,-6.8,-34,-205
20250215,2025,2,15,2025,Boise State Broncos,San Diego State Aztecs,0,-0.2,6.1,6.5,2.4,0.2,2.7,7.1,5,-0.8,10,-11.4,4.7,3.1,-1.1,2.4,7.7,0,0,0.6,-0.4,7,2,0,0.7,14,101
20250216,2025,2,16,2025,Creighton Bluejays,St. John's Red Storm,0,-2.1,2.2,8.8,5.8,2.5,-11.6,-2.3,8.9,3.3,5.1,-4.9,0.7,-0.9,3.7,2.4,9.8,-0.1,0,0.3,-6.6,13,-5,5,-1.5,-31,-45
20250216,2025,2,16,2025,Michigan Wolverines,Ohio State Buckeyes,1,2.3,-1,-2.6,1.9,4.2,4.8,1.1,6.5,-3.2,-3.3,-0.1,-3.1,2.1,-3.9,-1.8,9.8,0,0,0.1,1.6,0,5,-5,0.2,-4,-13
20250216,2025,2,16,2025,Iowa Hawkeyes,Maryland Terrapins,0,-0.1,-0.4,13.3,1.8,-0.8,-5.9,-5.7,2.2,0.7,-4.7,-0.9,8.7,3.9,-3.7,1.9,9.9,0,0,-0.4,-13.7,12,-8,7,-7.9,-3,-60
20250216,2025,2,16,2025,Nebraska Cornhuskers,Northwestern Wildcats,1,2.6,-1.8,-0.8,1.5,2.1,-5.4,5.2,3.7,-1.5,1.8,-1.1,0.1,0,-3.6,0.7,-2,0,0,0.5,-1,-6,1,-1,-0.6,8,63
20250216,2025,2,16,2025,Utah State Aggies,New Mexico Lobos,0,-5.1,7.3,9.7,4.9,-0.1,2.1,0,6.4,1.8,1.1,-4.5,5.4,-0.8,6.8,0,10.4,0,0,-0.3,-2.4,-3,0,0,0.2,3,65
20250217,2025,2,17,2025,Arizona Wildcats,Baylor Bears,1,4.9,-0.9,-5.8,0.1,0.3,1.4,4.4,3.5,-4,3.8,3.7,-3.5,-3.6,1.4,-5.1,5.8,0,0,0,4.9,-18,2,-2,2.2,-10,-23
20250217,2025,2,17,2025,Kansas State Wildcats,Utah State Aggies,0,-0.7,-9.4,-6.9,-4.9,1.6,-3.7,-10.2,-6.1,-2,-1.6,-0.4,-3.1,-2,1.2,0.5,-2.3,0,0,0.4,-2.5,2,-9,9,-2.4,-64,-29
20250218,2025,2,18,2025,Oklahoma Sooners,Florida Gators,0,-0.8,-8.5,8.8,0.4,2.9,-10.8,7.9,-0.8,1.3,7.9,-5.4,9.6,0.8,2.3,1.8,-0.5,0,0,-0.1,-17.3,1,-8,8,-8.5,15,78
20250218,2025,2,18,2025,Texas A&M Aggies,Mississippi State Bulldogs,0,-1.1,-3.2,-5.7,-4.4,2.7,6.7,9.4,-7.1,-0.6,-0.1,-0.2,-2.4,-3.1,7.3,6.1,-5.2,0,0,0.7,2.5,3,1,-1,2.5,-9,-25
20250218,2025,2,18,2025,Texas Tech Red Raiders,TCU Horned Frogs,0,-1.1,17.2,-0.7,8.1,-1.6,2.1,-4.2,6.5,7.2,11.9,-2.8,-6.5,0.9,-4.6,-1.5,8.2,0,0,0.7,17.9,-7,7,-7,9.3,41,175
20250218,2025,2,18,2025,Illinois Fighting Illini,Wisconsin Badgers,0,3.9,-2.1,0.4,-2.8,1.6,8.2,0.5,0.8,-4.6,-7.7,3.4,-2.1,-0.4,-0.8,-2,-2.6,0,0,-1.6,-2.5,-2,-4,4,-0.4,-9,-8
20250218,2025,2,18,2025,Purdue Boilermakers,Michigan State Spartans,0,-2.4,6,8.3,5.6,-0.8,-5.9,-0.9,2.1,8.6,-6.6,-8.3,8,2.3,0.7,1.5,-3.4,0,0,0.1,-2.3,-10,-3,4,-0.8,-23,-57
20250218,2025,2,18,2025,Kansas Jayhawks,BYU Cougars,0,1.5,-8.1,-9,-4.7,-0.6,-2.9,-5.4,-5.1,-3.4,1.8,3.8,-3.5,-4.8,2,0.9,1.3,0,0,1.7,0.9,21,-3,3,1.6,-52,-276
20250218,2025,2,18,2025,Villanova Wildcats,UConn Huskies,0,-1.1,-2.7,0.5,-0.3,-1.4,-4.6,-4.5,-6.2,4.9,3.4,-10.3,4.4,-2.1,-4,-0.4,-15.3,0,0,1.1,-3.2,-4,-3,4,-3.8,25,91
20250218,2025,2,18,2025,Butler Bulldogs,Xavier Musketeers,0,-1.3,1.8,6.9,-0.3,0.5,2.3,1.7,1.2,-2,-4.7,-0.2,-0.2,-1.5,3.4,-1.5,-7.8,-0.1,0,-0.6,-5.1,0,-7,7,-4,-11,-56
20250219,2025,2,19,2025,Arkansas Razorbacks,Auburn Tigers,0,0.6,-18.9,1.9,-3.8,3.3,-8.3,0.7,-2.5,-4,-1.8,-1.7,2.7,1.8,-1.1,-0.9,-1.1,0,0,-1.3,-20.8,-10,-9,9,-11.2,40,144
20250219,2025,2,19,2025,Alabama Crimson Tide,Missouri Tigers,0,6.7,1.1,-2.5,-0.2,2,2.8,-6.7,3,-2.5,-0.6,2.7,-1.8,-2.8,-4.3,1.9,4.8,-0.1,0,0.4,3.6,3,2,-2,5.3,-73,-309
20250219,2025,2,19,2025,Vanderbilt Commodores,Kentucky Wildcats,0,-1.4,-5.4,1.2,-3.9,-0.7,3.3,-2.1,-2,-4.5,1.1,-0.3,-2.3,6.9,-0.1,3,-6.9,0,0,-0.7,-6.6,0,0,0,-6.2,49,215
20250219,2025,2,19,2025,Nebraska Cornhuskers,Penn State Nittany Lions,0,-2.5,-1.5,-4.6,-2.1,-0.8,-2.5,-2.1,-2.3,-1,-1,-1.6,-1.9,-1.6,-1.4,0.4,-4.6,0,0,0.3,3.1,4,2,-2,1.5,-37,-163
20250219,2025,2,19,2025,Cincinnati Bearcats,West Virginia Mountaineers,0,1.1,2.4,1.9,1.8,-0.6,7.4,-1.7,2.1,0.6,-5.9,-0.2,0.5,2.8,2.1,-0.7,-5.9,0,0,0.1,0.5,3,-1,1,1.6,25,117
20250219,2025,2,19,2025,Oregon Ducks,Iowa Hawkeyes,1,-1.9,-0.3,-8.8,-4,1.9,5.5,6.5,-3.8,-2.8,5.8,-0.7,-5.3,-3.3,4.2,1.3,-5.9,0,0,0.9,8.5,0,7,-6,4.4,-49,-233
20250219,2025,2,19,2025,New Mexico Lobos,Boise State Broncos,0,7.4,-3,-3.7,-1.7,-1.1,-1.6,-1,-5.1,2.1,-8.6,7.6,-1.4,1.7,-3.1,-0.9,-5.8,0,0,0.3,0.7,-11,2,-2,-0.2,-8,-68
20250220,2025,2,20,2025,USC Trojans,Maryland Terrapins,0,-1.5,-1.8,10.5,-0.3,2.4,-3.7,4.4,0.3,-0.8,-1.6,-3.1,6.2,1.6,3.1,3.4,6.2,0,0,0.4,-12.3,-2,-8,8,-7,-20,-165
20250220,2025,2,20,2025,Northwestern Wildcats,Ohio State Buckeyes,1,-2.6,-3.1,-0.2,-3.6,-1.3,3,-4.3,-2.6,-3.5,-2.2,0.3,-0.2,4.3,-0.9,-0.4,7.1,0,0,0.1,-2.9,11,-1,1,-2.1,16,70
20250221,2025,2,21,2025,Michigan State Spartans,Michigan Wolverines,1,-2,1,-4.8,-4.7,-3.2,2.5,0.5,-4.8,-4.6,7.4,3.7,1.4,-3.5,0.1,0.7,5,0,0,-0.6,5.8,29,2,-3,3.7,18,41
20250221,2025,2,21,2025,Marquette Golden Eagles,Villanova Wildcats,0,4.4,-1.4,-8.9,-3.1,-2.2,0.6,-1.3,3.3,-7.4,-8.6,3.4,1.7,-2.7,2.8,0.4,1.6,0,0,-0.8,7.5,1,4,-5,4,-38,-137
20250222,2025,2,22,2025,Georgia Bulldogs,Auburn Tigers,0,-1.8,-15.2,3.5,-3.6,6.1,1.1,5.5,-2.3,-3.8,-2.9,-2.3,2,0.5,0.9,2.2,-5.4,0,0,-0.9,-18.7,-8,-8,8,-10.3,51,198
20250222,2025,2,22,2025,Duke Blue Devils,Illinois Fighting Illini,1,-5.5,7,-7.9,5.5,-1.8,-0.7,-1.8,0.1,7.8,2.6,0.8,-2.2,-1.8,0.1,1.3,8.3,0,0,0.9,14.9,-5,8,-8,9.6,30,-52
20250222,2025,2,22,2025,Kentucky Wildcats,Alabama Crimson Tide,0,-4.2,-2,3,-0.4,-2,-6.7,-6,-3.8,2.2,1.8,1.4,5.3,0.1,0.9,-4.5,2.2,0,0,0.1,-5,-5,-3,3,-2.5,10,37
20250222,2025,2,22,2025,Iowa State Cyclones,Houston Cougars,0,7.7,-5.4,3.6,1,2.1,-3.7,12.6,5,-4.4,1,-6.3,3.6,1.8,5.1,2.6,7.9,0,0,0.2,-9,-7,-4,4,-5.5,23,75
20250222,2025,2,22,2025,Tennessee Volunteers,Texas A&M Aggies,1,-2.9,2.7,-5.8,4.9,-1.9,-5.5,-8,4.4,3.9,5.1,2.4,-1.1,-5.2,-3.8,-4.9,11.4,0,0,0,8.5,4,3,-3,3.6,16,67
20250222,2025,2,22,2025,West Virginia Mountaineers,Texas Tech Red Raiders,0,-1.4,-14.1,-2.1,-5.7,0.1,-9.1,-3.6,-4.3,-4.8,-4.3,4,0.1,-2.8,5.7,1.4,-2.1,0,0,-0.5,-12,-1,-5,5,-7,-45,-160
20250222,2025,2,22,2025,Oregon Ducks,Wisconsin Badgers,1,0.4,-6.2,0.9,-2.6,1.7,2.9,-0.6,-4.1,-0.7,-7,4.5,3.4,-1.3,1.6,-1.7,0.6,0,0,0.1,-7.1,5,-1,1,-2.9,-12,-35
20250222,2025,2,22,2025,Missouri Tigers,Arkansas Razorbacks,0,-0.9,14.4,5.4,4.5,-1.1,6.4,13.1,3.2,4.6,-0.3,-7.5,1,1.8,3.5,3.7,-3.6,0,0,1.1,9,2,3,-3,2,32,155
20250222,2025,2,22,2025,Clemson Tigers,SMU Mustangs,1,-5,2.3,-5.7,-0.6,-1.9,-4.5,-8.4,-1.2,0,4.1,0.2,2.9,-0.4,-5.6,-2.3,-1.4,0,0,0.3,8,14,3,-3,5.2,-19,-121
20250222,2025,2,22,2025,BYU Cougars,Arizona Wildcats,1,-3,3.3,6.2,5.7,0.3,-3.7,-7,4.2,6.2,-9.5,-2.4,2.1,2.3,-1.4,1.2,0.3,0,0,-0.8,-2.9,-3,2,-2,-2.4,50,263
20250222,2025,2,22,2025,Mississippi State Bulldogs,Oklahoma Sooners,0,-0.8,0.7,-3.1,-2.8,-2.5,7.7,-7.5,1,-5.4,-9.6,7.5,-5.9,6.2,-3.5,-2.4,1.1,0,0,0,3.8,-1,2,-2,2.2,-37,-149
20250222,2025,2,22,2025,Ole Miss Rebels,Vanderbilt Commodores,0,-1.1,-1.8,-6.1,-0.4,-1.7,-7.8,3.4,-2.8,2.1,-1.5,2.1,-0.5,-4.8,-1.2,0.6,5.4,0,0,1.1,4.3,1,1,-1,3.4,-29,-157
20250222,2025,2,22,2025,TCU Horned Frogs,Cincinnati Bearcats,0,1.4,-5.5,0.9,-4.2,2.1,-0.3,9.5,-4.3,-3,-1.7,-1.1,5.9,-1,-3.2,0.8,-0.1,0,0,-0.3,-6.4,5,-1,1,-3.9,-21,-132
20250222,2025,2,22,2025,San Diego State Aztecs,Utah State Aggies,0,-2.1,-10.4,-12.5,-5.6,1.1,-3.2,-6.1,-6.3,-3.2,-2.5,8.4,-8.6,-4,-2.6,-1.5,-12.2,0,0,-0.6,2.1,7,-4,2,-0.7,-9,-98
20250222,2025,2,22,2025,Saint Mary's Gaels,Gonzaga Bulldogs,1,-8.3,-8,-4.3,-5.2,1.2,6.9,0.3,-6.8,-1.4,-10.4,2.1,-3.3,1.6,2,-0.9,-3.8,0,0,-1.3,-3.7,-2,4,-4,-4,13,22
20250223,2025,2,23,2025,UConn Huskies,St. John's Red Storm,0,-5.8,8.5,14.9,6.2,1.3,-2.8,0.3,6.3,5.2,9.4,2.2,0.6,3.8,4.7,0.5,11.2,0,0,-0.6,-6.4,5,-5,5,-0.3,-17,-3
20250223,2025,2,23,2025,Purdue Boilermakers,Indiana Hoosiers,0,-3,8.7,0.7,4.4,-0.8,-1,1.9,2.1,5.9,1.6,-3.4,5.8,-2.4,0.4,1.2,1.5,0,0,-0.5,8,16,3,-3,5.7,-15,-62
20250223,2025,2,23,2025,Ohio State Buckeyes,UCLA Bruins,0,2.6,1.6,3.6,0.8,-0.2,-3.5,1.5,-0.7,2.2,4.7,0,-1.6,-2.3,0.4,2.1,-11.8,0,0,-0.1,-2,-5,-4,4,-1.2,-36,-146
20250224,2025,2,24,2025,Houston Cougars,Texas Tech Red Raiders,1,-4.6,0.6,-7.2,-2.4,-0.8,2.5,-2.2,-5.4,2.4,-3,8.6,-3.8,-0.8,0.4,-1.4,-12.1,0,0,0,7.8,9,3,-3,5.8,-46,-180
20250224,2025,2,24,2025,Michigan Wolverines,Nebraska Cornhuskers,1,2.3,3.9,-1.6,4,3.4,7.2,0.2,5.4,1.8,-3,0.6,-3,-2.2,0.6,-2.2,4.6,0,0,-0.5,5.5,-5,5,-5,2.9,-28,-146
20250225,2025,2,25,2025,Florida Gators,Georgia Bulldogs,0,2.7,11.4,-3.6,1.9,-4,1.7,-8.1,1.4,2.1,-0.6,-2.1,-2.8,-0.7,-3.1,-0.8,3.7,0,0,0.5,15,0,7,-7,6.8,-16,-94
20250225,2025,2,25,2025,Mississippi State Bulldogs,Alabama Crimson Tide,0,-7.1,-8.2,0.8,-4.6,-1.7,-1.3,-9.4,-4.4,-3.8,-2.5,4.3,1,6.1,-1.5,-4,-1.2,0.1,0,-0.7,-9,-3,-3,3,-5.9,14,43
20250225,2025,2,25,2025,Baylor Bears,Cincinnati Bearcats,0,-0.1,8.5,4.3,0.3,1.3,2.6,7.8,-1.5,2.1,7.5,-3.3,2.8,3.7,-6.9,3,2.9,0,0,0.5,4.2,18,1,-1,3.1,-18,-124
20250225,2025,2,25,2025,TCU Horned Frogs,West Virginia Mountaineers,0,2.5,-3.1,2.8,-2.4,1.5,7,7.8,-2.1,-2.4,-7.6,-1.3,6.4,1.9,-1.1,0.1,-6,0,0,-0.2,-5.9,8,-2,2,-2.3,4,-15
20250225,2025,2,25,2025,Iowa Hawkeyes,Illinois Fighting Illini,0,-1.6,-3.8,9.3,4.2,-1.8,-10.8,-7.6,-1.1,6.8,-5.1,1.7,10.9,2.5,-1.8,-1,9,0,0,0.7,-13.1,7,-4,3,-6.9,46,206
20250225,2025,2,25,2025,New Mexico Lobos,San Diego State Aztecs,0,7.2,3.1,2.8,0.7,-1,1.1,6.1,-0.1,1.3,1.4,-3.8,3.3,4.8,-4.1,1.5,1.9,0,0,0.9,0.3,-4,4,-2,0.5,6,33
20250226,2025,2,26,2025,Ole Miss Rebels,Auburn Tigers,0,-0.3,-12.6,2.9,-4.2,-0.3,-10.3,2.4,-4.9,-2.1,-1.3,-3.3,4.4,3,-2.3,3.9,0.8,0,0,0.7,-15.5,-9,-6,6,-9.2,29,85
20250226,2025,2,26,2025,St. John's Red Storm,Butler Bulldogs,1,2.2,-2.8,-16,-3.7,-1.1,10.2,-8.1,-0.6,-6.6,-5.5,8.9,-5.3,1.7,-6.9,-1.9,-3,0.1,0,-0.5,13.2,-1,13,-13,7.7,12,12
20250226,2025,2,26,2025,Michigan State Spartans,Maryland Terrapins,1,-2.3,-0.4,-2.5,-3.5,2,5,4.5,-0.1,-7.1,4.1,1.9,0.5,-2.8,-1.8,1.8,12.3,0,0,-0.5,2.1,27,1,-2,0.5,-39,-269
20250226,2025,2,26,2025,Vanderbilt Commodores,Texas A&M Aggies,1,2.6,4,9.1,4.7,-3.8,-8.9,-8.1,5.7,2.2,5.4,-3,4.5,4,-4.9,-3.6,1.8,0,0,-0.6,-5.1,-5,-1,1,-5.3,54,234
20250226,2025,2,26,2025,Kentucky Wildcats,Oklahoma Sooners,1,2.1,6.9,-0.9,1.4,-2.8,2.2,-4.1,1.6,0.7,-5.4,4.6,-1.5,0.2,-1.1,-2.9,4.5,0,0,0.8,7.8,-3,2,-2,5.6,-41,-155
20250226,2025,2,26,2025,Utah State Aggies,Arizona Wildcats,0,-2.1,0.8,11.3,4,-0.8,-2.9,1.9,2.6,4.9,-7.9,-2,5.7,1.8,1.8,3.3,2.7,0,0,-0.6,-10.5,-3,4,-4,-6.8,80,87
20250226,2025,2,26,2025,Penn State Nittany Lions,Indiana Hoosiers,0,1.6,-0.7,3.4,1.6,0.6,-2.3,4.2,1.7,1.1,4.7,2.2,1.3,2.6,0.4,0.8,-0.1,0,0,0.2,-4.1,-2,-3,3,-1.6,55,263
20250226,2025,2,26,2025,Texas Longhorns,Arkansas Razorbacks,0,-1.8,4.9,5.7,0.6,-2,3,0.6,-1.4,2.7,2.1,-3.6,-1.5,3,-2.2,1,-4.7,0,0,1.3,-0.8,2,-1,1,1.5,12,77
20250226,2025,2,26,2025,Utah State Aggies,Boise State Broncos,0,2.3,4.3,6,3.3,-1.2,0.5,-1,1.4,4,-7.5,3,4,0.9,3.7,-0.9,4.6,0,0,0,-1.7,-14,2,-2,0,-5,-3
20250226,2025,2,26,2025,Ohio State Buckeyes,USC Trojans,1,-1.1,1.4,-5.6,-0.5,-1.4,1.4,-1.6,-2.1,1.5,1.5,1.4,-3.9,-3.1,-1.1,-0.6,-8.7,0,0,-0.4,7,0,2,-2,3.6,-33,-132
20250228,2025,2,28,2025,UCLA Bruins,Purdue Boilermakers,0,-0.5,-7.6,-4.5,-3.6,0,2.2,-2.3,-3.1,-3.1,-2.2,4.7,-4.6,1.4,2.7,-2.5,0.5,0,0,0.5,-3.1,-14,0,0,-1.9,45,175
20250228,2025,2,28,2025,Iowa Hawkeyes,Northwestern Wildcats,0,5.1,3.1,8.6,6.2,-0.5,-6.6,-4.3,6.7,3.6,-2.5,0.4,6.7,1.1,-4.8,-0.6,5.3,0,0,-0.5,-5.5,3,-1,0,-2.4,34,167
20250301,2025,3,1,2025,Auburn Tigers,Kentucky Wildcats,1,-2.2,5.4,-7.8,-0.1,-2.2,5.8,-1.1,0.1,-0.3,0.9,5.2,-7.2,-0.9,1,-0.2,-2.3,0,0,-0.3,13.2,10,7,-7,6.4,-9,-27
20250301,2025,3,1,2025,Texas A&M Aggies,Florida Gators,0,-2.7,-11,0,-6.8,3.2,3.6,9.8,-6.8,-4.7,-1.8,1.9,1.2,3.9,6.1,5.5,-4.7,0,0,0.6,-11,3,-5,5,-3.8,-31,-96
20250301,2025,3,1,2025,Cincinnati Bearcats,Houston Cougars,0,4.3,-12.3,7,-1.4,0.3,-4.3,-3.1,3.2,-6.6,-7.2,-4.7,4.4,0.8,7.4,2,4,0,0,-0.4,-19.3,-7,-9,9,-11.2,26,137
20250301,2025,3,1,2025,Alabama Crimson Tide,Tennessee Volunteers,0,11.1,8.7,10.7,4.1,0.9,0.1,8.1,7.1,0.5,-2.6,-6.5,2.6,2.2,-2,2.8,-4.9,0,0,0.1,-2,-4,-1,1,-0.2,-21,-85
20250301,2025,3,1,2025,Arizona Wildcats,Iowa State Cyclones,0,1.4,0.7,1.9,-2.1,-0.2,3.5,-3.5,0.2,-4.2,3,2,0.1,-0.8,-3.3,-2.6,4.8,0,0,-0.1,-1.2,0,-2,2,-0.4,-25,-85
20250301,2025,3,1,2025,Texas Tech Red Raiders,Kansas Jayhawks,1,-3,8.9,4.5,2.5,-0.8,4.4,5.5,1,3.4,6.5,-5.7,1.5,2.3,-2.8,-0.7,-2.1,0,0,-0.9,4.4,-20,4,-4,0.9,50,203
20250301,2025,3,1,2025,Missouri Tigers,Vanderbilt Commodores,0,-1.1,6.3,-1.7,4.5,0.8,0.6,14.8,2.7,4.8,-2.2,-3.8,-1.2,-4.2,3.4,-0.5,-0.1,0,0,0.2,8,2,1,-1,3.4,14,57
20250301,2025,3,1,2025,Maryland Terrapins,Penn State Nittany Lions,1,0.1,3.8,-8.5,0.8,-2.6,2.2,-5.8,-1.5,3.3,-0.6,0.9,-4.1,-4.4,1.1,-2.8,-7.3,0,0,-0.3,12.3,1,8,-8,7.6,-8,1
20250301,2025,3,1,2025,Pittsburgh Panthers,Louisville Cardinals,0,-2.8,-1.7,6.7,-1,-1.6,-3.5,-0.6,-4.6,1.7,3.6,5,0.4,1.8,2,-1.5,-2.1,0,0,-0.5,-8.4,6,-8,8,-3.4,5,11
20250301,2025,3,1,2025,West Virginia Mountaineers,BYU Cougars,0,-2.9,-13.3,-6.6,-7.8,-1.3,-7.7,-3.6,-8.4,-4.8,4.1,2.2,-1.9,-5.3,4.9,1.6,-3,0,0,0.2,-6.7,0,-4,4,-4.5,-47,-233
20250301,2025,3,1,2025,Butler Bulldogs,Villanova Wildcats,0,4.7,-3,0.6,-2.2,1.2,-2.8,12.2,0.5,-3.6,-7.3,-0.8,0.3,-3.4,6.2,1.9,7.1,0,0,0,-3.6,0,-5,4,-3.6,-20,-100
20250301,2025,3,1,2025,Oklahoma Sooners,Ole Miss Rebels,0,0.4,0.3,5.8,2.9,5.2,2.3,2.9,3.2,1.7,5.8,-6.4,4.3,-2.4,2.4,-0.7,-3.1,0,0,-1.2,-5.5,2,-3,3,-2.8,21,97
20250301,2025,3,1,2025,Utah State Aggies,Colorado State Rams,0,2,5.6,5.3,1.3,-1.6,6.7,7.7,1.2,0.8,-8.2,1.6,6,-1,5.6,1.3,-1.9,0.1,0,-0.2,0.3,-6,3,-3,1.5,-2,40
20250301,2025,3,1,2025,USC Trojans,Oregon Ducks,0,0.5,-1.1,6,1.9,1.3,-3.3,3.6,1.8,1.2,-2.7,-1.5,2.8,1.1,2.6,0.3,2.2,0,0,-0.2,-7.1,-14,-7,7,-3.5,32,128
20250301,2025,3,1,2025,Creighton Bluejays,Xavier Musketeers,0,-1.2,1.2,-0.3,1.8,1.8,1,-8.7,9.5,-5.2,-5.2,3.8,-4.8,-0.6,0.3,-1,-1,-0.1,0,-0.9,1.5,12,1,-1,2.2,-30,-89
20250301,2025,3,1,2025,Georgia Bulldogs,Texas Longhorns,1,-0.6,-1.2,-4.1,-0.4,4.7,6.4,4.1,1.6,-2.5,-3.2,3,0.8,-4.3,4.2,2.1,0.3,0,0,-1,2.9,0,2,-2,-0.6,-1,-23
20250302,2025,3,2,2025,Wisconsin Badgers,Michigan State Spartans,0,-0.1,5.9,6.1,4,-2.6,-8.3,-3.1,2.6,5.7,4,-7.9,-0.5,4.6,0.7,3.1,-8.8,0,0,1,-0.2,-20,-1,2,-1.1,-1,11
20250302,2025,3,2,2025,Illinois Fighting Illini,Michigan Wolverines,1,1.8,4.8,1.7,-3.5,-4.2,2.4,-2,-1.3,-3.5,3.7,-0.8,-1.3,0.8,0,1.8,-6.4,0,0,-1.2,3.1,7,-3,3,2.2,8,44
20250303,2025,3,3,2025,Kansas Jayhawks,Houston Cougars,0,7.6,-9.5,2.7,-0.1,1.6,-6.9,-3.2,4.4,-5.8,-3.6,-2.9,2.3,-1.5,2.4,2,14.2,0,0,1,-12.2,11,-7,7,-6.7,-4,-23
20250303,2025,3,3,2025,UCLA Bruins,Northwestern Wildcats,1,0,1.5,-3.4,2.9,1.5,0.5,2.8,3.3,1.3,-2.5,-0.3,1.8,-2,0.5,-1.7,4.7,0,0,-0.1,4.9,-6,5,-5,3.3,20,76
20250304,2025,3,4,2025,Auburn Tigers,Texas A&M Aggies,0,1.8,14.8,0.1,8.4,-5.2,-6.4,-7.1,7.8,6.4,5.2,2.4,-0.4,-3.8,-3.9,-6.9,6.4,0,0,-0.2,14.7,5,6,-6,7.3,-4,-8
20250304,2025,3,4,2025,BYU Cougars,Iowa State Cyclones,1,-1.6,4,8.1,3.6,0.1,-0.2,-10.5,4.4,2.1,-6.4,-0.4,2.2,1.5,-4.8,-1.4,5.1,0,0,-0.9,-4.1,-3,0,0,-2.8,25,178
20250304,2025,3,4,2025,Texas Longhorns,Mississippi State Bulldogs,1,-0.5,-2.4,2,0.9,-1.1,-5,3.7,-3.2,4.5,5.5,-3.1,-1.7,-2,0.1,-0.7,-4.6,0,0,0.6,-4.4,0,-3,3,0.1,39,188
20250304,2025,3,4,2025,Baylor Bears,TCU Horned Frogs,1,-1.5,14,3.4,4.5,-0.8,3,-1.7,2.7,5,9.1,-2.2,-3.1,4.7,-3.7,2.2,3,0,0,0.8,10.6,13,2,-2,7,3,8
20250304,2025,3,4,2025,West Virginia Mountaineers,Utah State Aggies,1,-3.8,-10.8,-11.7,-6.2,-0.2,-8.5,-12.4,-6.7,-3.5,2.5,1.8,-5.5,-4.8,1.7,-0.6,-5.4,0,0,0,0.9,0,-6,6,-0.1,-77,-57
20250304,2025,3,4,2025,Indiana Hoosiers,Oregon Ducks,0,0.3,-2.4,0.6,-0.2,0.9,0.5,0.9,1.4,-2.3,-5.2,-1.5,-0.7,1.3,-2,-1.1,3.3,0,0,-0.4,-3,-11,-4,4,-2.5,5,29
20250304,2025,3,4,2025,Nebraska Cornhuskers,Ohio State Buckeyes,0,0,-4.9,-1,-2.1,0.8,-2.4,1,1.1,-5,-0.3,-0.8,-0.1,4.2,-4.5,0.3,5.1,0,0,0.6,-3.9,5,0,0,-2.7,24,133
20250304,2025,3,4,2025,Arkansas Razorbacks,Vanderbilt Commodores,1,-0.2,-8.1,-7.1,0,1.9,-5.8,1.7,-0.5,0.2,-1.9,3.8,-2.2,-6,-0.1,-4.1,3.5,0,0,-0.9,-1,0,-2,2,1.4,-18,-98
20250305,2025,3,5,2025,Tennessee Volunteers,Ole Miss Rebels,0,-4.4,0.5,-8.8,0.6,3.6,11.2,-3.4,1.5,-0.4,1.2,3.3,-5.2,-4.4,2.4,-1.9,4.1,0,0,-0.5,9.3,8,3,-3,5.5,-9,-10
20250305,2025,3,5,2025,Florida Gators,Alabama Crimson Tide,1,-5.5,-0.4,-4.9,-2.2,-2.2,1.9,-9.8,-4.6,0.3,-0.8,2.2,-2.7,-0.9,-0.3,-3.3,-1.8,0,0,-0.6,4.5,-3,3,-3,0.4,36,114
20250305,2025,3,5,2025,Maryland Terrapins,Michigan Wolverines,1,0.3,1.4,-2.3,-1.1,-5.2,-2.5,-3.9,-4.6,2.5,3.3,1.9,0.9,-0.6,1.9,-1.1,-7.3,0,0,-0.1,3.7,2,1,-1,3.2,57,310
20250305,2025,3,5,2025,Missouri Tigers,Oklahoma Sooners,0,-0.4,7.8,-1.4,2,-2.7,6.1,8.6,2.4,1,-6.5,0.5,-5,3,2.3,-0.4,-2.5,0,0,0.3,9.2,-1,3,-3,2.8,22,117
20250305,2025,3,5,2025,Marquette Golden Eagles,UConn Huskies,0,3.3,-4.1,-8.4,-3.5,-3.6,-4,-5.8,-3,-2.5,-5.3,-6.8,6.1,-4.8,-1.2,0,-13.6,0.1,0,0.3,4.3,-3,1,-1,0.2,-13,-46
20250305,2025,3,5,2025,Kansas State Wildcats,Cincinnati Bearcats,1,2,-1,2.9,-0.5,2.4,-2.6,3.8,-1.6,0.9,1.8,-2,1.9,-0.1,-2.6,1.8,9.1,0,0,0.3,-3.9,-1,-2,2,-3.9,-12,-89
20250305,2025,3,5,2025,Xavier Musketeers,Butler Bulldogs,1,1.3,-1.8,-6.9,0.3,-0.5,-2.3,-1.7,-1.2,2,4.7,0.2,0.2,1.5,-3.4,1.5,7.8,0.1,0,0.6,5.1,0,7,-7,4,11,56
20250306,2025,3,6,2025,Michigan State Spartans,Iowa Hawkeyes,1,-2.2,0,-15.8,-5.4,2.9,10.9,10.2,-2.4,-7.8,8.8,2.8,-8.2,-6.7,2,-0.1,2.4,0,0,-0.2,15.8,15,9,-9,8.4,-36,-209
20250307,2025,3,7,2025,Purdue Boilermakers,Illinois Fighting Illini,0,-6.2,2.2,1.8,4.4,0.2,-5.8,1.7,-1.4,7.5,-2.9,-3.8,10.7,-1.9,0.9,0.4,7.9,0,0,0.7,0.4,12,2,-2,0.7,-13,-60
20250307,2025,3,7,2025,Colorado State Rams,Boise State Broncos,0,0.3,-1.3,0.7,2,0.4,-6.2,-8.7,0.1,3.2,0.7,1.5,-2,2,-1.9,-2.2,6.5,0,0,0.3,-2,-8,-1,1,-1.5,-3,-43
20241221,2024,12,21,2025,Utah Utes,Iowa Hawkeyes,0,-1.2,-4.5,-5,-3.8,3.8,8.6,10.3,-1.7,-4.3,-6.7,-0.2,-10.1,-1.2,0.5,6,7.4,0,0,0.3,0.5,-11,1,0,0.6,6,52
20250118,2025,1,18,2025,Utah Utes,BYU Cougars,1,1.5,-9.9,0.8,-5.2,0.8,0.9,7.5,-4.6,-4.2,-4.8,1.2,-3.2,-1,0.5,6.2,8.1,0,0,0.1,-10.7,3,-6,6,-6.2,11,35
20250122,2025,1,22,2025,Utah Utes,Houston Cougars,0,7.6,-11.3,12.5,-0.6,3,-3,9.7,4.8,-6.6,-10.2,-5.5,2.6,2.3,0.9,7.4,21,0,0,-0.6,-23.8,-7,-10,10,-14.5,59,288
20250125,2025,1,25,2025,Utah Utes,Baylor Bears,0,3.4,-7.5,1.2,0.5,1.3,-1.4,5,3.2,-2,-10.4,2.5,-4.6,-2.2,0.4,2.4,14.1,0,0,-0.7,-8.7,-18,-2,2,-6.4,51,275
20250211,2025,2,11,2025,Utah Utes,Cincinnati Bearcats,0,3.3,1,5.5,0.8,2.7,1.3,12.8,1.6,0.1,-3,-0.8,-1.8,1.5,-6.5,5.4,17,0,0,-0.2,-4.5,0,-1,1,-3.3,33,151
20250215,2025,2,15,2025,Utah Utes,Kansas Jayhawks,1,0,-1.8,9.8,-0.6,1.4,3.8,12.9,0.4,-0.8,-6.6,-2.6,0.3,3.8,-1.5,5.4,6.8,0,0,-1.6,-11.6,-18,-3,3,-7.8,63,311
20250217,2025,2,17,2025,Utah Utes,Kansas State Wildcats,1,1.3,2,2.6,1.3,0.2,3.8,8.9,3.2,-0.8,-4.7,1.2,-3.6,1.6,-3.9,3.5,7.9,0,0,-0.5,-0.6,1,1,-1,0.6,45,240
20250226,2025,2,26,2025,Utah Utes,Arizona Wildcats,0,-1.5,-6.6,7,0.4,1,-2.8,0.6,-0.4,2,-14.2,-1.2,-1.1,1.4,-0.9,7.4,8.4,0,0,-0.7,-13.6,0,-4,4,-8.6,61,298
